index,cve,type,date
0,cve-2013-3874,Other,10/2/2013
1,cve-2013-3875,Other,10/4/2013
2,cve-2013-3885,Other,10/4/2013
3,cve-2013-3886,Other,10/8/2013
4,cve-2013-3910,Other,7/30/2014
5,cve-2013-3911,Other,10/31/2013
6,cve-2013-3912,Other,10/31/2013
7,cve-2013-3914,Other,11/1/2013
8,cve-2013-3916,Other,11/1/2013
9,cve-2013-5838,Trojan,3/15/2016
10,cve-2014-0546,Other,8/22/2014
11,cve-2014-0565,Other,10/20/2014
12,cve-2014-0569,,10/24/2014
13,cve-2014-0577,Trojan,11/30/2014
14,cve-2014-0588,Trojan,11/30/2014
15,cve-2014-1762,Trojan,5/28/2014
16,cve-2014-1765,Other,7/3/2014
17,cve-2014-1785,Trojan,5/29/2014
18,cve-2014-1805,Trojan,6/26/2014
19,cve-2014-1815,Trojan,5/14/2014
20,cve-2014-2797,Other,7/2/2014
21,cve-2014-2801,Other,7/2/2014
22,cve-2014-2804,Other,7/3/2014
23,cve-2014-2820,Other,8/19/2014
24,cve-2014-2823,Other,8/19/2014
25,cve-2014-4057,Other,8/19/2014
26,cve-2014-4114,Other,10/14/2014
27,cve-2014-4148,,10/28/2014
28,cve-2014-6327,Trojan,1/2/2015
29,cve-2014-6330,Trojan,1/2/2015
30,cve-2014-6332,,11/12/2014
31,cve-2014-6352,Trojan,11/29/2014
32,cve-2014-6366,Trojan,1/2/2015
33,cve-2014-6369,Trojan,1/2/2015
34,cve-2014-6373,Trojan,1/2/2015
35,cve-2014-6376,Trojan,1/2/2015
36,cve-2014-7247,,11/6/2014
37,cve-2014-8440,Trojan,11/30/2014
38,cve-2014-8448,Trojan,1/14/2015
39,cve-2014-8451,Trojan,1/14/2015
40,cve-2014-8966,Trojan,1/2/2015
41,cve-2014-8967,Trojan,1/2/2015
42,cve-2014-9163,Trojan,1/14/2015
43,cve-2015-0097,Trojan,3/11/2015
44,cve-2015-0310,Trojan,2/10/2015
45,cve-2015-0311,Trojan,2/5/2015
46,cve-2015-0312,Trojan,2/11/2015
47,cve-2015-0313,Trojan,2/11/2015
48,cve-2015-0314,Trojan,3/5/2015
49,cve-2015-0323,Trojan,3/27/2015
50,cve-2015-0325,Trojan,3/27/2015
51,cve-2015-0326,Trojan,3/27/2015
52,cve-2015-0328,Trojan,3/27/2015
53,cve-2015-0330,Trojan,3/4/2015
54,cve-2015-0336,Trojan,3/20/2015
55,cve-2015-0338,Trojan,8/3/2015
56,cve-2015-0339,Trojan,8/3/2015
57,cve-2015-1635,Trojan,8/4/2015
58,cve-2015-1641,Trojan,4/28/2015
59,cve-2015-1649,Trojan,4/28/2015
60,cve-2015-1650,Trojan,4/28/2015
61,cve-2015-1651,Trojan,4/28/2015
62,cve-2015-1657,Trojan,4/28/2015
63,cve-2015-1660,Trojan,4/28/2015
64,cve-2015-1665,Trojan,4/28/2015
65,cve-2015-1681,Trojan,5/28/2015
66,cve-2015-1685,Trojan,5/28/2015
67,cve-2015-1686,Trojan,5/28/2015
68,cve-2015-1687,Trojan,8/4/2015
69,cve-2015-1689,Trojan,5/28/2015
70,cve-2015-1691,Trojan,5/28/2015
71,cve-2015-1701,Trojan,4/22/2015
72,cve-2015-1705,Trojan,5/28/2015
73,cve-2015-1708,Trojan,5/28/2015
74,cve-2015-1710,Trojan,5/28/2015
75,cve-2015-1711,Trojan,5/28/2015
76,cve-2015-1718,Trojan,5/28/2015
77,cve-2015-1730,Trojan,8/4/2015
78,cve-2015-1732,Trojan,8/4/2015
79,cve-2015-1735,Trojan,8/4/2015
80,cve-2015-1736,Trojan,8/4/2015
81,cve-2015-1737,Trojan,8/4/2015
82,cve-2015-1744,Trojan,8/4/2015
83,cve-2015-1747,Trojan,8/4/2015
84,cve-2015-1748,Trojan,8/4/2015
85,cve-2015-1750,Trojan,8/4/2015
86,cve-2015-1752,Trojan,8/4/2015
87,cve-2015-1755,Trojan,8/4/2015
88,cve-2015-2425,Trojan,7/20/2015
89,cve-2015-2426,Trojan,7/21/2015
90,cve-2015-2442,Trojan,9/17/2015
91,cve-2015-2443,Trojan,9/17/2015
92,cve-2015-2452,Trojan,9/17/2015
93,cve-2015-2483,Trojan,11/23/2015
94,cve-2015-2499,Trojan,11/23/2015
95,cve-2015-2501,Trojan,11/23/2015
96,cve-2015-2545,Trojan,5/31/2016
97,cve-2015-2590,Trojan,7/30/2015
98,cve-2015-3043,Trojan,5/6/2015
99,cve-2015-3113,Trojan,6/30/2015
100,cve-2015-4451,Trojan,9/29/2015
101,cve-2015-5119,Trojan,7/9/2015
102,cve-2015-5122,Trojan,7/11/2015
103,cve-2015-5123,Trojan,7/13/2015
104,cve-2015-5130,Trojan,9/29/2015
105,cve-2015-5134,Trojan,9/29/2015
106,cve-2015-5539,Trojan,9/29/2015
107,cve-2015-5876,Trojan,10/30/2015
108,cve-2015-6064,Trojan,11/17/2015
109,cve-2015-6071,Trojan,11/17/2015
110,cve-2015-6075,Trojan,11/17/2015
111,cve-2015-6078,Trojan,11/12/2015
112,cve-2015-6096,Trojan,11/17/2015
113,cve-2015-6124,Trojan,12/9/2015
114,cve-2015-6127,Trojan,12/28/2015
115,cve-2015-6142,Trojan,12/28/2015
116,cve-2015-7629,Trojan,11/23/2015
117,cve-2015-7631,Trojan,11/23/2015
118,cve-2015-7632,Trojan,11/23/2015
119,cve-2015-7633,Trojan,11/23/2015
120,cve-2015-7645,Trojan,10/17/2015
121,cve-2015-7652,Trojan,12/27/2015
122,cve-2015-7653,Trojan,12/27/2015
123,cve-2015-7654,Trojan,12/27/2015
124,cve-2015-7657,Trojan,12/27/2015
125,cve-2015-8418,Trojan,12/27/2015
126,cve-2015-8651,Trojan,12/28/2015
127,cve-2016-0015,Trojan,1/22/2016
128,cve-2016-0021,Trojan,3/18/2016
129,cve-2016-0022,Trojan,2/17/2016
130,cve-2016-0034,Trojan,1/14/2016
131,cve-2016-0053,Trojan,2/18/2016
132,cve-2016-0063,Trojan,2/17/2016
133,cve-2016-0105,Trojan,3/18/2016
134,cve-2016-0112,Trojan,3/18/2016
135,cve-2016-0113,Trojan,3/18/2016
136,cve-2016-0124,Trojan,3/18/2016
137,cve-2016-0127,Trojan,4/24/2016
138,cve-2016-0147,Trojan,4/24/2016
139,cve-2016-0155,Trojan,4/19/2016
140,cve-2016-0157,Trojan,4/14/2016
141,cve-2016-0158,Trojan,4/14/2016
142,cve-2016-0164,Trojan,4/19/2016
143,cve-2016-0174,Trojan,6/10/2016
144,cve-2016-0176,Trojan,6/10/2016
145,cve-2016-0189,Trojan,6/10/2016
146,cve-2016-0191,Trojan,6/10/2016
147,cve-2016-0193,Trojan,6/10/2016
148,cve-2016-0196,Trojan,6/11/2016
149,cve-2016-0199,Trojan,10/10/2016
150,cve-2016-0200,Trojan,6/27/2016
151,cve-2016-0728,Other,2/14/2016
152,cve-2016-1010,Trojan,3/12/2016
153,cve-2016-1015,Trojan,5/9/2016
154,cve-2016-1016,Trojan,5/9/2016
155,cve-2016-1017,Trojan,5/9/2016
156,cve-2016-1019,Trojan,4/7/2016
157,cve-2016-1757,Trojan,3/25/2016
158,cve-2016-2207,Trojan,6/28/2016
159,cve-2016-2208,Trojan,6/30/2016
160,cve-2016-2209,Trojan,6/28/2016
161,cve-2016-2210,Trojan,6/28/2016
162,cve-2016-2211,Trojan,6/27/2016
163,cve-2016-2347,Trojan,4/26/2016
164,cve-2016-3199,Trojan,6/12/2016
165,cve-2016-3205,Trojan,6/17/2016
166,cve-2016-3206,Trojan,6/17/2016
167,cve-2016-3207,Trojan,6/17/2016
168,cve-2016-3210,Trojan,6/12/2016
169,cve-2016-3222,Trojan,6/12/2016
170,cve-2016-3233,Trojan,6/17/2016
171,cve-2016-3240,Trojan,7/25/2016
172,cve-2016-3242,Trojan,7/25/2016
173,cve-2016-3244,Trojan,7/27/2016
174,cve-2016-3247,Trojan,9/2/2016
175,cve-2016-3259,Trojan,7/26/2016
176,cve-2016-3261,Trojan,7/25/2016
177,cve-2016-3264,Trojan,7/27/2016
178,cve-2016-3277,Trojan,7/26/2016
179,cve-2016-3293,Trojan,8/17/2016
180,cve-2016-3294,Trojan,9/2/2016
181,cve-2016-3295,Trojan,9/1/2016
182,cve-2016-3297,Trojan,9/2/2016
183,cve-2016-3298,Trojan,10/13/2016
184,cve-2016-3304,Trojan,8/11/2016
185,cve-2016-3324,Trojan,9/2/2016
186,cve-2016-3351,Trojan,9/2/2016
187,cve-2016-3375,Trojan,9/2/2016
188,cve-2016-3377,Trojan,9/2/2016
189,cve-2016-3382,Trojan,10/13/2016
190,cve-2016-3383,Trojan,10/13/2016
191,cve-2016-3385,Trojan,10/13/2016
192,cve-2016-3644,Trojan,6/28/2016
193,cve-2016-3645,Trojan,6/28/2016
194,cve-2016-3646,Trojan,6/29/2016
195,cve-2016-4117,Trojan,5/13/2016
196,cve-2016-4121,Trojan,7/5/2016
197,cve-2016-4133,Trojan,7/5/2016
198,cve-2016-4144,Trojan,6/24/2016
199,cve-2016-4150,Trojan,7/5/2016
200,cve-2016-4151,Trojan,7/5/2016
201,cve-2016-4152,Trojan,7/5/2016
202,cve-2016-4153,Trojan,7/5/2016
203,cve-2016-4154,Trojan,6/29/2016
204,cve-2016-4155,Trojan,6/29/2016
205,cve-2016-4156,Trojan,6/29/2016
206,cve-2016-4171,Trojan,6/15/2016
207,cve-2016-4173,Trojan,7/21/2016
208,cve-2016-4188,Trojan,7/18/2016
209,cve-2016-4192,Trojan,7/20/2016
210,cve-2016-4203,Trojan,7/20/2016
211,cve-2016-4226,Trojan,8/2/2016
212,cve-2016-4228,Trojan,7/19/2016
213,cve-2016-4231,Trojan,7/18/2016
214,cve-2016-4251,Trojan,7/20/2016
215,cve-2016-4252,Trojan,7/20/2016
216,cve-2016-4280,Trojan,9/14/2016
217,cve-2016-4282,Trojan,9/26/2016
218,cve-2016-7191,Trojan,10/13/2016
219,cve-2016-7196,Trojan,11/15/2016
220,cve-2016-7198,Trojan,11/15/2016
221,cve-2016-7200,Trojan,11/15/2016
222,cve-2016-7201,Trojan,11/15/2016
223,cve-2016-7202,Trojan,12/19/2016
224,cve-2016-7203,Trojan,11/15/2016
225,cve-2016-7242,Trojan,11/15/2016
226,cve-2016-7246,Trojan,11/15/2016
227,cve-2016-7255,Trojan,11/8/2016
228,cve-2016-7256,Trojan,1/16/2017
229,cve-2016-7283,Trojan,12/19/2016
230,cve-2016-7297,Trojan,12/22/2016
231,cve-2016-7855,Trojan,10/27/2016
232,cve-2016-7857,Trojan,11/18/2016
233,cve-2016-7858,Trojan,11/18/2016
234,cve-2016-7859,Trojan,11/18/2016
235,cve-2016-7860,Trojan,11/18/2016
236,cve-2016-7862,Trojan,11/18/2016
237,cve-2016-7863,Trojan,11/18/2016
238,cve-2016-7864,Trojan,11/18/2016
239,cve-2016-7865,Trojan,11/18/2016
240,cve-2016-7892,Trojan,12/18/2016
241,cve-2017-0010,Trojan,3/24/2017
242,cve-2017-0015,Trojan,3/24/2017
243,cve-2017-0018,Trojan,3/24/2017
244,cve-2017-0037,Trojan,3/1/2017
245,cve-2017-0038,Trojan,2/20/2017
246,cve-2017-0050,Trojan,3/24/2017
247,cve-2017-0067,Trojan,3/24/2017
248,cve-2017-0141,Trojan,3/24/2017
249,cve-2017-0149,Trojan,3/24/2017
250,cve-2017-0154,Trojan,3/24/2017
251,cve-2017-0243,Trojan,7/21/2017
252,cve-2017-0261,Trojan,5/11/2017
253,cve-2017-0262,Trojan,5/10/2017
254,cve-2017-2982,Trojan,3/13/2017
255,cve-2017-2984,Trojan,3/13/2017
256,cve-2017-2990,Trojan,2/15/2017
257,cve-2017-2991,Trojan,2/15/2017
258,cve-2017-2994,Trojan,2/15/2017
259,cve-2017-2995,Trojan,2/15/2017
260,cve-2017-3078,Trojan,6/28/2017
261,cve-2017-3079,Trojan,6/28/2017
262,cve-2017-3081,Trojan,6/28/2017
263,cve-2017-3082,Trojan,6/28/2017
264,cve-2017-3083,Trojan,6/28/2017
265,cve-2017-3084,Trojan,6/28/2017
266,cve-2017-3099,Trojan,7/21/2017
267,cve-2017-3100,Trojan,7/21/2017
268,cve-2017-6753,Trojan,7/18/2017
269,cve-2017-8464,Trojan,6/28/2017
270,cve-2017-8496,Trojan,6/28/2017
271,cve-2017-8497,Trojan,6/28/2017
272,cve-2017-8524,Trojan,6/28/2017
273,cve-2017-8592,Trojan,7/21/2017
274,cve-2017-8594,Trojan,7/21/2017
275,cve-2017-8598,Trojan,7/21/2017
276,cve-2017-8601,Trojan,7/21/2017
277,cve-2017-8605,Trojan,7/21/2017
278,cve-2017-8617,Trojan,7/21/2017
279,cve-2017-8618,Trojan,7/21/2017
280,cve-2017-8619,Trojan,7/21/2017
281,cve-2013-3910,,
282,cve-2014-2799,,
283,cve-2014-4065,,
284,cve-2014-4080,,
285,cve-2014-4081,,
286,cve-2014-4082,,
287,cve-2014-4084,,
288,cve-2014-4086,,
289,cve-2014-4088,,
290,cve-2014-4089,,
291,cve-2014-4092,,
292,cve-2014-4095,,
293,cve-2014-4127,,
294,cve-2014-4129,,
295,cve-2014-4130,,
296,cve-2014-4141,,
297,cve-2014-6334,,
298,cve-2014-6337,,
299,cve-2014-6339,,
300,cve-2014-6341,,
301,cve-2014-6347,,
302,cve-2014-6348,,
303,cve-2014-6353,,
304,cve-2014-6355,,
305,cve-2015-0071,,
306,cve-2015-0090,,
307,cve-2015-0092,,
308,cve-2015-0093,,
309,cve-2015-0304,,
310,cve-2015-0306,,
311,cve-2015-0337,,
312,cve-2015-1733,,
313,cve-2015-1738,,
314,cve-2015-2372,,
315,cve-2015-2383,,
316,cve-2015-2386,,
317,cve-2015-2388,,
318,cve-2015-2389,,
319,cve-2015-2390,,
320,cve-2015-2397,,
321,cve-2015-2406,,
322,cve-2015-2408,,
323,cve-2015-2409,,
324,cve-2015-2421,,
325,cve-2015-2444,,
326,cve-2015-3118,,
327,cve-2015-3119,,
328,cve-2015-3121,,
329,cve-2015-3122,,
330,cve-2015-3132,,
331,cve-2015-3133,,
332,cve-2015-3134,,
333,cve-2015-6071,,
334,cve-2016-0931,,
335,cve-2016-0937,,
336,cve-2016-1007,,
337,cve-2016-1038,,
338,cve-2016-1039,,
339,cve-2016-1040,,
340,cve-2016-1041,,
341,cve-2016-1042,,
342,cve-2016-1044,,
343,cve-2016-1050,,
344,cve-2016-1051,,
345,cve-2016-1052,,
346,cve-2016-1062,,
347,cve-2016-3234,,
348,cve-2016-3279,,
349,cve-2016-3280,,
350,cve-2016-3370,,
351,cve-2016-3374,,
352,cve-2016-4142,,
353,cve-2016-4143,,
354,cve-2016-4146,,
355,cve-2016-4147,,
356,cve-2016-4231,,
357,cve-2016-4273,,
358,cve-2016-6941,,
359,cve-2016-6946,,
360,cve-2016-6954,,
361,cve-2016-6957,,
362,cve-2016-6960,,
363,cve-2016-6981,,
364,cve-2016-6986,,
365,cve-2016-7867,,
366,cve-2016-7868,,
367,cve-2016-7869,,
368,cve-2016-7870,,
369,cve-2016-7873,,
370,cve-2016-7878,,
371,cve-2017-0106,,
372,cve-2017-0155,,
373,cve-2017-0167,,
374,cve-2017-0189,,
375,cve-2017-0199,,
376,cve-2017-0200,,
377,cve-2017-0227,,
378,cve-2017-0228,,
379,cve-2017-0236,,
380,cve-2017-0238,,
381,cve-2017-0240,,
382,cve-2017-2967,,
383,cve-2017-2997,,
384,cve-2017-2998,,
385,cve-2017-2999,,
386,cve-2017-3001,,
387,cve-2017-3002,,
388,cve-2017-3003,,
389,cve-2017-3036,,
390,cve-2017-3055,,
391,cve-2017-3056,,
392,cve-2017-3057,,
393,cve-2017-3062,,
394,cve-2017-3063,,
395,cve-2017-3069,,
396,cve-2017-3070,,
397,cve-2017-3071,,
398,cve-2017-3072,,
399,cve-2017-3073,,
400,cve-2017-3074,,
401,cve-2017-5689,,
402,cve-2016-0752,,
403,cve-2011-1565,,
404,cve-2011-1565,,
405,cve-2013-0658,,
406,cve-2011-2595,,
407,cve-2013-0460,,
408,cve-2011-0611,,
409,cve-2009-4195,,
410,cve-2007-5020,,
411,cve-2012-2052,,
412,cve-2010-3653,,
413,cve-2015-2092,,
414,cve-2013-4978,,
415,cve-2011-3976,,
416,cve-2006-3747,,
417,cve-2011-3923,,
418,cve-2013-1966,,
419,cve-2013-2251,,
420,cve-2013-2251,,
421,cve-2013-2251,,
422,cve-2016-3087,,
423,cve-2017-5638,,
424,cve-2012-0391,,
425,cve-2010-1870,,
426,cve-2011-0257,,
427,cve-2012-0667,,
428,cve-2012-1153,,
429,cve-2013-2576,,
430,cve-2013-3481,,
431,cve-2012-4924,,
432,cve-2014-9583,,
433,cve-2009-0476,,
434,cve-2009-3577,,
435,cve-2011-1213,,
436,cve-2012-3811,,
437,cve-2011-4496,,
438,cve-2011-3492,,
439,cve-2015-5477,,
440,cve-2008-0311,,
441,cve-2009-1667,,
442,cve-2013-3928,,
443,cve-2011-3011,,
444,cve-2005-0583,,
445,cve-2005-2668,,
446,cve-2013-3248,,
447,cve-2012-0270,,
448,cve-2016-6433,,
449,cve-2016-6435,,
450,cve-2014-2072,,
451,cve-2009-3429,,
452,cve-2009-4656,,
453,cve-2009-4656,,
454,cve-2016-2776,,
455,cve-2017-3143,,
456,cve-2007-3068,,
457,cve-2012-5357,,
458,cve-2012-5357,,
459,cve-2013-0928,,
460,cve-2012-2288,,
461,cve-2012-2288,,
462,cve-2010-0103,,
463,cve-2011-5227,,
464,cve-2013-0726,,
465,cve-2013-0726,,
466,cve-2013-3482,,
467,cve-2013-3482,,
468,cve-2011-3494,,
469,cve-2011-1336,,
470,cve-2015-0235,,
471,cve-2009-4962,,
472,cve-2007-5243,,
473,cve-2008-0387,,
474,cve-2012-2763,,
475,cve-2012-0209,,
476,cve-2014-2623,,
477,cve-2010-3007,,
478,cve-2012-0122,,
479,cve-2012-0124,,
480,cve-2013-2347,,
481,cve-2013-6194,,
482,cve-2012-5201,,
483,cve-2012-5202,,
484,cve-2012-5204,,
485,cve-2014-2624,,
486,cve-2011-0271,,
487,cve-2011-3167,,
488,cve-2008-1697,,
489,cve-2011-0267,,
490,cve-2008-0067,,
491,cve-2001-0311,,
492,cve-2011-1865,,
493,cve-2011-1866,,
494,cve-2015-1497,,
495,cve-2009-2685,,
496,cve-2009-3999,,
497,cve-2017-2741,,
498,cve-2013-2367,,
499,cve-2011-4157,,
500,cve-2009-2485,,
501,cve-2000-0208,,
502,cve-2010-0255,,
503,cve-2008-4385,,
504,cve-2012-0202,,
505,cve-2009-0880,,
506,cve-2015-0117,,
507,cve-2011-1216,,
508,cve-2012-2174,,
509,cve-2012-0201,,
510,cve-2011-1220,,
511,cve-2009-3853,,
512,cve-2015-1833,,
513,cve-2007-1036,,
514,cve-2015-8562,,
515,cve-2017-8917,,
516,cve-2015-7755,,
517,cve-2013-3934,,
518,cve-2012-4711,,
519,cve-2011-0406,,
520,cve-2007-1674,,
521,cve-2012-2915,,
522,cve-2012-1195,,
523,cve-2011-4825,,
524,cve-2012-1182,,
525,cve-2011-0609,,
526,cve-2011-2101,,
527,cve-2017-0199,,
528,cve-2017-0199,,
529,cve-2017-8464,,
530,cve-2012-0002,,
531,cve-2012-0002,,
532,cve-2012-0002,,
533,cve-2012-0002,,
534,cve-2014-1761,,
535,cve-2014-1761,,
536,cve-2016-0018,,
537,cve-2014-6321,,
538,cve-2010-3964,,
539,cve-2009-3676,,
540,cve-2012-0013,,
541,cve-2014-6321,,
542,cve-2011-3402,,
543,cve-2009-0563,,
544,cve-2009-5109,,
545,cve-2010-0480,,
546,cve-2010-1248,,
547,cve-2010-0822,,
548,cve-2010-1246,,
549,cve-2011-0105,,
550,cve-2011-1276,,
551,cve-2006-3471,,
552,cve-2010-3333,,
553,cve-2013-1291,,
554,cve-2005-1213,,
555,cve-2011-0655,,
556,cve-2002-0649,,
557,cve-2007-3896,,
558,cve-2007-0936,,
559,cve-2012-1856,,
560,cve-2010-2568,,
561,cve-2012-1851,,
562,cve-2012-1851,,
563,cve-2005-4560,,
564,cve-2013-4822,,
565,cve-2012-5613,,
566,cve-2016-9565,,
567,cve-2016-9565,,
568,cve-2012-1465,,
569,cve-2007-1689,,
570,cve-2011-3176,,
571,cve-2012-4933,,
572,cve-2011-2657,,
573,cve-2016-7434,,
574,cve-2009-1831,,
575,cve-2006-5780,,
576,cve-2012-0261,,
577,cve-2012-0262,,
578,cve-2008-6508,,
579,cve-2016-0777,,
580,cve-2016-0777,,
581,cve-2014-0160,,
582,cve-2014-0160,,
583,cve-2014-0160,,
584,cve-2014-0160,,
585,cve-2014-0195,,
586,cve-2014-0160,,
587,cve-2013-3763,,
588,cve-2016-6662,,
589,cve-2012-0554,,
590,cve-2016-0491,,
591,cve-2016-0490,,
592,cve-2009-3214,,
593,cve-2009-3214,,
594,cve-2012-2329,,
595,cve-2016-3078,,
596,cve-2012-1823,,
597,cve-2011-4075,,
598,cve-2016-10033,,
599,cve-2016-10033,,
600,cve-2012-5159,,
601,cve-2009-4605,,
602,cve-2013-3238,,
603,cve-2016-5734,,
604,cve-2008-6132,,
605,cve-2012-3951,,
606,cve-2011-4453,,
607,cve-2010-2311,,
608,cve-2014-0980,,
609,cve-2012-1223,,
610,cve-2012-5961,,
611,cve-2012-5961,,
612,cve-2011-2950,,
613,cve-2012-5002,,
614,cve-2011-3489,,
615,cve-2014-0549,,
616,cve-2016-2098,,
617,cve-2013-0156,,
618,cve-2016-0752,,
619,cve-2009-3861,,
620,cve-2009-4988,,
621,cve-2012-2611,,
622,cve-2003-0694,,
623,cve-2011-0517,,
624,cve-2012-3815,,
625,cve-2011-4642,,
626,cve-2005-2297,,
627,cve-2009-1430,,
628,cve-2010-3268,,
629,cve-2011-3478,,
630,cve-2011-3478,,
631,cve-2016-2209,,
632,cve-2016-2209,,
633,cve-2012-0297,,
634,cve-2012-0939,,
635,cve-2008-1611,,
636,cve-2014-4872,,
637,cve-2010-3189,,
638,cve-2013-3664,,
639,cve-2009-0266,,
640,cve-2007-2888,,
641,cve-2013-5019,,
642,cve-2008-0610,,
643,cve-2012-5223,,
644,cve-2011-4828,,
645,cve-2011-0499,,
646,cve-2011-3868,,
647,cve-2012-3569,,
648,cve-2012-3569,,
649,cve-2013-6874,,
650,cve-2006-6251,,
651,cve-2012-1495,,
652,cve-2014-0787,,
653,cve-2011-4451,,
654,cve-2008-5159,,
655,cve-2010-3974,,
656,cve-2015-2474,,
657,cve-2010-2729,,
658,cve-2010-2729,,
659,cve-2010-2729,,
660,cve-2014-2299,,
661,cve-2010-0304,,
662,cve-2006-0025,,
663,cve-2012-4886,,
664,cve-2013-3246,,
665,cve-2013-3492,,
666,cve-2014-0783,,
667,cve-2014-3888,,
668,cve-2014-3888,,
669,cve-2014-0782,,
670,cve-2004-0964,,
671,cve-2013-3259,,
672,cve-2011-3587,,
673,cve-2014-0195,,
674,cve-2016-6329,,
675,cve-2015-2808,,
676,cve-2016-2183,,
677,cve-2015-0024,,
678,cve-2014-6271,,
679,cve-2014-6271,,
680,cve-2014-6271,,
681,cve-2014-6271,,
682,cve-2014-6271,,
683,cve-2014-6277,,
684,cve-2014-6278,,
685,cve-2014-7169,,
686,cve-2017-0290,,
687,cve-2015-1635,,
688,cve-2017-0144,,
689,cve-2003-0818,,
690,cve-2003-0533,,
691,cve-2003-0533,,
692,cve-2017-8540,,
693,cve-2003-0533,,
694,cve-2004-0206,,
695,cve-2010-2729,,
696,cve-2008-4250,,
697,cve-2008-4250,,
698,cve-2004-0116,,
699,cve-2004-0116,,
700,cve-2009-3103,,
701,cve-2006-3439,,
702,cve-2008-3466,,
703,cve-2017-7494,,
704,cve-2017-0016,,
705,cve-2008-4835,,
706,cve-2009-3103,,
707,cve-2012-0507,,
708,cve-2007-0976,,
709,cve-2015-3073,,
710,cve-2015-5110,,
711,cve-2013-2729,,
712,cve-2013-3346,,
713,cve-2013-0632,,
714,cve-2013-3336,,
715,cve-2011-0611,,
716,cve-2011-2140,,
717,cve-2011-2140,,
718,cve-2011-2140,,
719,cve-2012-0754,,
720,cve-2012-0754,,
721,cve-2016-4171,,
722,cve-2016-7855,,
723,cve-2016-7855,,
724,cve-2011-0611,,
725,cve-2014-0497,,
726,cve-2014-0502,,
727,cve-2014-0515,,
728,cve-2014-0515,,
729,cve-2014-0515,,
730,cve-2014-0569,,
731,cve-2014-0569,,
732,cve-2014-0588,,
733,cve-2014-8440,,
734,cve-2014-9163,,
735,cve-2015-0311,,
736,cve-2015-0311,,
737,cve-2015-0318,,
738,cve-2015-0336,,
739,cve-2015-0359,,
740,cve-2015-3043,,
741,cve-2015-3090,,
742,cve-2015-3105,,
743,cve-2015-3113,,
744,cve-2015-3113,,
745,cve-2015-3113,,
746,cve-2015-5116,,
747,cve-2015-5119,,
748,cve-2015-5119,,
749,cve-2015-5122,,
750,cve-2015-5123,,
751,cve-2015-7645,,
752,cve-2015-7645,,
753,cve-2015-8651,,
754,cve-2016-0998,,
755,cve-2016-1010,,
756,cve-2016-1018,,
757,cve-2016-1019,,
758,cve-2016-4117,,
759,cve-2016-4226,,
760,cve-2013-5331,,
761,cve-2014-0497,,
762,cve-2010-2884,,
763,cve-2012-0779,,
764,cve-2013-0640,,
765,cve-2014-8449,,
766,cve-2009-3068,,
767,cve-2012-5271,,
768,cve-2013-0633,,
769,cve-2013-0634,,
770,cve-2013-0634,,
771,cve-2013-0634,,
772,cve-2011-0340,,
773,cve-2011-0340,,
774,cve-2011-0340,,
775,cve-2014-2364,,
776,cve-2014-9222,,
777,cve-2009-0323,,
778,cve-2004-0636,,
779,cve-2012-0394,,
780,cve-2014-0094,,
781,cve-2014-0094,,
782,cve-2017-9791,,
783,cve-2009-3548,,
784,cve-2007-0774,,
785,cve-2009-0950,,
786,cve-2012-0677,,
787,cve-2012-0663,,
788,cve-2012-3752,,
789,cve-2012-3753,,
790,cve-2012-3753,,
791,cve-2012-3758,,
792,cve-2013-1017,,
793,cve-2001-0198,,
794,cve-2010-1939,,
795,cve-2017-2491,,
796,cve-2011-1774,,
797,cve-2011-1774,,
798,cve-2014-2314,,
799,cve-2008-1914,,
800,cve-2008-2683,,
801,cve-2012-1527,,
802,cve-2012-1528,,
803,cve-2009-4225,,
804,cve-2011-1653,,
805,cve-2017-3881,,
806,cve-2012-0824,,
807,cve-2012-0824,,
808,cve-2010-3269,,
809,cve-2011-2882,,
810,cve-2011-2882,,
811,cve-2011-5007,,
812,cve-2014-3789,,
813,cve-2013-3336,,
814,cve-2012-4914,,
815,cve-2012-4914,,
816,cve-2013-3248,,
817,cve-2015-1187,,
818,cve-2015-7245,,
819,cve-2014-3704,,
820,cve-2014-3704,,
821,cve-2014-3120,,
822,cve-2015-1427,,
823,cve-2014-3913,,
824,cve-2016-9079,,
825,cve-2016-9079,,
826,cve-2014-8636,,
827,cve-2006-0295,,
828,cve-2010-3765,,
829,cve-2011-2110,,
830,cve-2011-1918,,
831,cve-2014-0750,,
832,cve-2012-2516,,
833,cve-2012-2516,,
834,cve-2007-5779,,
835,cve-2013-0108,,
836,cve-2011-4786,,
837,cve-2011-2404,,
838,cve-2015-5426,,
839,cve-2013-2368,,
840,cve-2013-2368,,
841,cve-2013-2370,,
842,cve-2013-2370,,
843,cve-2013-2370,,
844,cve-2013-4798,,
845,cve-2013-4798,,
846,cve-2013-4837,,
847,cve-2010-2709,,
848,cve-2010-2703,,
849,cve-2010-1555,,
850,cve-2010-1554,,
851,cve-2010-1964,,
852,cve-2007-6204,,
853,cve-2010-1961,,
854,cve-2013-4811,,
855,cve-2013-4812,,
856,cve-2013-4835,,
857,cve-2010-0188,,
858,cve-2013-5447,,
859,cve-2008-2240,,
860,cve-2008-2499,,
861,cve-2012-2175,,
862,cve-2012-2176,,
863,cve-2013-3026,,
864,cve-2012-0201,,
865,cve-2012-0708,,
866,cve-2012-0708,,
867,cve-2012-5945,,
868,cve-2012-5946,,
869,cve-2012-5946,,
870,cve-2012-5946,,
871,cve-2012-5945,,
872,cve-2014-0895,,
873,cve-2012-0198,,
874,cve-2013-4988,,
875,cve-2013-4988,,
876,cve-2011-2089,,
877,cve-2010-0806,,
878,cve-2010-0483,,
879,cve-2000-1089,,
880,cve-2017-7269,,
881,cve-2016-3714,,
882,cve-2016-3715,,
883,cve-2016-3716,,
884,cve-2016-3717,,
885,cve-2016-3717,,
886,cve-2011-0340,,
887,cve-2017-5689,,
888,cve-2010-3962,,
889,cve-2013-3184,,
890,cve-2013-3184,,
891,cve-2013-3918,,
892,cve-2013-3918,,
893,cve-2013-3918,,
894,cve-2014-0307,,
895,cve-2014-0322,,
896,cve-2014-0324,,
897,cve-2014-0324,,
898,cve-2015-2444,,
899,cve-2015-2515,,
900,cve-2015-6135,,
901,cve-2012-0897,,
902,cve-2012-0897,,
903,cve-2013-3944,,
904,cve-2012-1533,,
905,cve-2012-5076,,
906,cve-2013-0431,,
907,cve-2013-0431,,
908,cve-2013-1488,,
909,cve-2013-1493,,
910,cve-2013-1493,,
911,cve-2013-2423,,
912,cve-2013-2423,,
913,cve-2010-0886,,
914,cve-2010-0886,,
915,cve-2013-0422,,
916,cve-2013-0422,,
917,cve-2010-3552,,
918,cve-2016-8870,,
919,cve-2012-0507,,
920,cve-2012-0507,,
921,cve-2012-0507,,
922,cve-2012-0507,,
923,cve-2012-4681,,
924,cve-2012-4681,,
925,cve-2010-0842,,
926,cve-2010-0840,,
927,cve-2010-0840,,
928,cve-2010-0840,,
929,cve-2010-0840,,
930,cve-2010-0840,,
931,cve-2010-0840,,
932,cve-2010-0840,,
933,cve-2010-0840,,
934,cve-2012-1196,,
935,cve-2015-1397,,
936,cve-2013-0422,,
937,cve-2012-1535,,
938,cve-2014-3996,,
939,cve-1999-1011,,
940,cve-2015-5995,,
941,cve-2014-1610,,
942,cve-2014-1610,,
943,cve-2012-0158,,
944,cve-2012-0158,,
945,cve-2016-3294,,
946,cve-2016-3377,,
947,cve-2016-3386,,
948,cve-2016-7189,,
949,cve-2016-7190,,
950,cve-2016-7194,,
951,cve-2016-7200,,
952,cve-2012-0105,,
953,cve-2012-1876,,
954,cve-1999-0874,,
955,cve-2001-0333,,
956,cve-2016-3295,,
957,cve-2016-3325,,
958,cve-2016-3351,,
959,cve-2016-3351,,
960,cve-2016-3382,,
961,cve-2013-0025,,
962,cve-2013-1288,,
963,cve-2013-1298,,
964,cve-2013-3205,,
965,cve-2013-3205,,
966,cve-2016-0189,,
967,cve-2016-0189,,
968,cve-2016-3298,,
969,cve-2016-3298,,
970,cve-2016-3375,,
971,cve-2016-3383,,
972,cve-2016-3385,,
973,cve-2013-1311,,
974,cve-2013-1331,,
975,cve-2013-1331,,
976,cve-2013-3906,,
977,cve-2013-3906,,
978,cve-2015-0097,,
979,cve-2015-2545,,
980,cve-2015-2545,,
981,cve-2014-6332,,
982,cve-2014-6332,,
983,cve-2014-6332,,
984,cve-2014-6332,,
985,cve-2014-4114,,
986,cve-2014-6352,,
987,cve-2014-6352,,
988,cve-2014-6352,,
989,cve-2012-1859,,
990,cve-2011-3402,,
991,cve-2011-3402,,
992,cve-2011-3402,,
993,cve-2012-1528,,
994,cve-2010-1885,,
995,cve-2010-1885,,
996,cve-2016-3236,,
997,cve-2012-0003,,
998,cve-2010-4742,,
999,cve-2015-0986,,
1000,cve-2011-3658,,
1001,cve-2011-3659,,
1002,cve-2013-1710,,
1003,cve-2014-1510,,
1004,cve-2014-1510,,
1005,cve-2009-2477,,
1006,cve-2009-2477,,
1007,cve-2011-2371,,
1008,cve-2013-0753,,
1009,cve-2013-0758,,
1010,cve-2013-0758,,
1011,cve-2013-1670,,
1012,cve-2013-1690,,
1013,cve-2013-1690,,
1014,cve-2015-4495,,
1015,cve-2016-9899,,
1016,cve-2015-0816,,
1017,cve-2011-0065,,
1018,cve-2017-0227,,
1019,cve-2017-0228,,
1020,cve-2017-0240,,
1021,cve-2017-8605,,
1022,cve-2017-8617,,
1023,cve-2010-0188,,
1024,cve-2010-0248,,
1025,cve-2010-3962,,
1026,cve-2010-0249,,
1027,cve-2010-3962,,
1028,cve-2011-1260,,
1029,cve-2012-4792,,
1030,cve-2012-4792,,
1031,cve-2013-2551,,
1032,cve-2013-2551,,
1033,cve-2013-2551,,
1034,cve-2013-2551,,
1035,cve-2013-2551,,
1036,cve-2014-8967,,
1037,cve-2015-0041,,
1038,cve-2015-0053,,
1039,cve-2015-0072,,
1040,cve-2015-0072,,
1041,cve-2015-0072,,
1042,cve-2015-1657,,
1043,cve-2015-2413,,
1044,cve-2015-2419,,
1045,cve-2015-2502,,
1046,cve-2015-6048,,
1047,cve-2015-6141,,
1048,cve-2015-6163,,
1049,cve-2016-0001,,
1050,cve-2016-0063,,
1051,cve-2016-0113,,
1052,cve-2016-0199,,
1053,cve-2016-3205,,
1054,cve-2017-0037,,
1055,cve-2017-0037,,
1056,cve-2017-0208,,
1057,cve-2017-8496,,
1058,cve-2017-8497,,
1059,cve-2017-8529,,
1060,cve-2012-4969,,
1061,cve-2012-4969,,
1062,cve-2012-4969,,
1063,cve-2012-4969,,
1064,cve-2012-2548,,
1065,cve-2013-3145,,
1066,cve-2013-3893,,
1067,cve-2013-3893,,
1068,cve-2013-3893,,
1069,cve-2013-3893,,
1070,cve-2015-2502,,
1071,cve-2012-1889,,
1072,cve-2012-1889,,
1073,cve-2012-1889,,
1074,cve-2012-1889,,
1075,cve-2003-0344,,
1076,cve-2011-1996,,
1077,cve-2007-0945,,
1078,cve-2006-3605,,
1079,cve-2012-1875,,
1080,cve-2012-1875,,
1081,cve-2012-4792,,
1082,cve-2012-4792,,
1083,cve-2012-4792,,
1084,cve-2012-4792,,
1085,cve-2012-4792,,
1086,cve-2012-4792,,
1087,cve-2012-4792,,
1088,cve-2013-0025,,
1089,cve-2013-1347,,
1090,cve-2013-1347,,
1091,cve-2013-1347,,
1092,cve-2013-1347,,
1093,cve-2013-3893,,
1094,cve-2014-0322,,
1095,cve-2014-1776,,
1096,cve-2014-1776,,
1097,cve-2014-1815,,
1098,cve-2013-7331,,
1099,cve-2013-7331,,
1100,cve-2013-7331,,
1101,cve-2013-7331,,
1102,cve-2013-7331,,
1103,cve-2000-0302,,
1104,cve-2010-0806,,
1105,cve-2012-1875,,
1106,cve-2013-0074,,
1107,cve-2013-0074,,
1108,cve-2013-0074,,
1109,cve-2013-0074,,
1110,cve-2016-0034,,
1111,cve-2016-0034,,
1112,cve-2012-2897,,
1113,cve-2015-2426,,
1114,cve-2017-6334,,
1115,cve-2013-2618,,
1116,cve-2011-2653,,
1117,cve-2012-0439,,
1118,cve-2012-0439,,
1119,cve-2010-1527,,
1120,cve-2010-3106,,
1121,cve-2008-0935,,
1122,cve-2008-2908,,
1123,cve-2010-4321,,
1124,cve-2013-1091,,
1125,cve-2011-2657,,
1126,cve-2012-0266,,
1127,cve-2012-0266,,
1128,cve-2012-0267,,
1129,cve-2014-6332,,
1130,cve-2009-4140,,
1131,cve-2012-0549,,
1132,cve-2012-0549,,
1133,cve-2014-4278,,
1134,cve-2012-3153,,
1135,cve-2013-1491,,
1136,cve-2013-5838,,
1137,cve-2011-3544,,
1138,cve-2011-3544,,
1139,cve-2011-3544,,
1140,cve-2012-1723,,
1141,cve-2013-2463,,
1142,cve-2013-2465,,
1143,cve-2013-2465,,
1144,cve-2013-2470,,
1145,cve-2012-1723,,
1146,cve-2013-1516,,
1147,cve-2013-1516,,
1148,cve-2013-1559,,
1149,cve-2008-1602,,
1150,cve-2011-4044,,
1151,cve-2011-4044,,
1152,cve-2013-4986,,
1153,cve-2012-1823,,
1154,cve-2015-2208,,
1155,cve-2014-5519,,
1156,cve-2012-5896,,
1157,cve-2012-5896,,
1158,cve-2013-6877,,
1159,cve-2008-1309,,
1160,cve-2014-6287,,
1161,cve-2013-6026,,
1162,cve-2014-3914,,
1163,cve-2014-5424,,
1164,cve-2012-0779,,
1165,cve-2013-0333,,
1166,cve-2015-7007,,
1167,cve-2017-2316,,
1168,cve-2010-2590,,
1169,cve-2010-2590,,
1170,cve-2010-2590,,
1171,cve-2014-0774,,
1172,cve-2000-0207,,
1173,cve-2013-0674,,
1174,cve-2013-0674,,
1175,cve-2010-3563,,
1176,cve-2012-0500,,
1177,cve-2011-2107,,
1178,cve-2015-1486,,
1179,cve-2015-1487,,
1180,cve-2017-6326,,
1181,cve-2012-0299,,
1182,cve-2012-2953,,
1183,cve-2014-1649,,
1184,cve-2009-0441,,
1185,cve-2013-2645,,
1186,cve-2012-4876,,
1187,cve-2012-4876,,
1188,cve-2012-4177,,
1189,cve-2009-1260,,
1190,cve-2010-5193,,
1191,cve-2014-8516,,
1192,cve-2012-1775,,
1193,cve-2010-3275,,
1194,cve-2011-0531,,
1195,cve-2008-5036,,
1196,cve-2013-6934,,
1197,cve-2009-3733,,
1198,cve-2013-3214,,
1199,cve-2013-6935,,
1200,cve-2006-4690,,
1201,cve-2013-2827,,
1202,cve-2015-2509,,
1203,cve-2014-6446,,
