CVE,Website Name,Disclosed Date
CVE-2015-0235,Symantec,
CVE-2015-0336,Symantec,2015-03-20
CVE-2016-9565,Symantec,
CVE-2017-0199,Symantec,
CVE-2016-4171,Symantec,2016-06-15
CVE-2015-7755,Symantec,
CVE-2017-9828,Symantec,
CVE-2015-3043,Symantec,2015-05-06
CVE-2016-3078,Symantec,
CVE-2015-1397,Symantec,
CVE-2016-3351,Symantec,2016-09-02
CVE-2015-5119,Symantec,2015-07-09
CVE-2017-0037,Symantec,2017-03-01
CVE-2015-0204,Symantec,
CVE-2016-7855,Symantec,2016-10-27
CVE-2016-6329,Symantec,
CVE-2017-8496,Symantec,2017-06-28
CVE-2016-9079,Symantec,
CVE-2015-3105,Symantec,
CVE-2017-8464,Symantec,2017-06-28
CVE-2016-2183,Symantec,
CVE-2015-1486,Symantec,
CVE-2015-1487,Symantec,
CVE-2017-0261,Symantec,2017-05-11
CVE-2016-1019,Symantec,2016-04-07
CVE-2017-8917,Symantec,
CVE-2016-6366,Symantec,
CVE-2016-8870,Symantec,
CVE-2016-7892,Symantec,2016-12-18
CVE-2015-2419,Symantec,
CVE-2016-3298,Symantec,2016-10-13
CVE-2016-6662,Symantec,
CVE-2016-3294,Symantec,2016-09-02
CVE-2016-3295,Symantec,2016-09-01
CVE-2015-3090,Symantec,
CVE-2015-1427,Symantec,
CVE-2016-0752,Symantec,
CVE-2015-0359,Symantec,
CVE-2016-4117,Symantec,2016-05-13
CVE-2017-6334,Symantec,
CVE-2017-7494,Symantec,
CVE-2017-8540,Symantec,
CVE-2016-3717,Symantec,
CVE-2016-3716,Symantec,
CVE-2016-3715,Symantec,
CVE-2016-3714,Symantec,
CVE-2016-3375,Symantec,2016-09-02
CVE-2017-5689,Symantec,
CVE-2015-3113,Symantec,2015-06-30
CVE-2015-0311,Symantec,2015-02-05
CVE-2015-0318,Symantec,
CVE-2017-6326,Symantec,
CVE-2015-5122,Symantec,2015-07-11
CVE-2015-8651,Symantec,2015-12-28
CVE-2015-2545,Symantec,2016-05-31
CVE-2017-7269,Symantec,
CVE-2016-0189,Symantec,2016-06-10
CVE-2015-1635,Symantec,2015-08-04
CVE-2017-0290,Symantec,
CVE-2016-10033,Symantec,
CVE-2017-9791,Symantec,
CVE-2017-3881,Symantec,
CVE-2017-0228,Symantec,
CVE-2015-2509,Symantec,
CVE-2016-3382,Symantec,2016-10-13
CVE-2016-0147,Symantec,2016-04-24
CVE-2017-8529,Symantec,
CVE-2015-7645,Symantec,2015-10-17
CVE-2017-0144,Symantec,
CVE-2016-0034,Symantec,2016-01-14
CVE-2017-5638,Symantec,
CVE-2016-3081,Symantec,
CVE-2017-9073,Symantec,
CVE-2016-7434,Symantec,
CVE-2015-8562,Symantec,
CVE-2016-4226,Symantec,2016-08-02
CVE-2016-0199,Symantec,2016-10-10
CVE-2016-2776,Symantec,
CVE-2015-2444,Symantec,
CVE-2015-0235,Rapid7,
CVE-2015-0235,Rapid7,2015-01-27
CVE-2015-0336,Rapid7,2015-03-12
CVE-2015-1497,Rapid7,2014-01-02
CVE-2017-0199,Rapid7,2017-04-14
CVE-2016-6415,Rapid7,2016-09-29
CVE-2015-0240,Rapid7,
CVE-2015-7755,Rapid7,2015-12-20
CVE-2015-3043,Rapid7,2015-06-23
CVE-2017-6527,Rapid7,2017-03-08
CVE-2017-5521,Rapid7,
CVE-2016-9361,Rapid7,
CVE-2016-9361,Rapid7,2015-07-28
CVE-2015-2219,Rapid7,2015-04-12
CVE-2016-3213,Rapid7,2016-06-14
CVE-2017-7442,Rapid7,2017-07-24
CVE-2015-2843,Rapid7,2015-04-21
CVE-2015-1701,Rapid7,2015-05-12
CVE-2016-4997,Rapid7,2016-06-03
CVE-2017-5982,Rapid7,2017-02-12
CVE-2015-5119,Rapid7,2015-07-06
CVE-2016-8869,Rapid7,2016-10-25
CVE-2015-2996,Rapid7,2015-06-03
CVE-2015-0936,Rapid7,2015-04-01
CVE-2017-8779,Rapid7,
CVE-2016-9079,Rapid7,2016-11-30
CVE-2015-3864,Rapid7,2015-08-13
CVE-2015-3105,Rapid7,2015-05-12
CVE-2017-8464,Rapid7,2017-06-13
CVE-2017-6048,Rapid7,2017-04-07
CVE-2017-1092,Rapid7,2017-05-30
CVE-2015-1486,Rapid7,2015-07-31
CVE-2016-6366,Rapid7,
CVE-2017-8291,Rapid7,2017-04-27
CVE-2015-3090,Rapid7,2015-05-12
CVE-2015-1328,Rapid7,2015-06-16
CVE-2015-1130,Rapid7,2015-04-09
CVE-2016-0051,Rapid7,2016-02-09
CVE-2015-1427,Rapid7,2015-02-11
CVE-2016-0752,Rapid7,2016-10-16
CVE-2017-8895,Rapid7,2017-05-10
CVE-2015-0359,Rapid7,2014-04-14
CVE-2017-6334,Rapid7,2017-02-25
CVE-2017-7494,Rapid7,2017-03-24
CVE-2016-3714,Rapid7,2016-05-03
CVE-2017-6526,Rapid7,2017-03-08
CVE-2016-7552,Rapid7,2017-04-10
CVE-2015-7450,Rapid7,2015-11-06
CVE-2017-5689,Rapid7,2017-05-05
CVE-2015-3628,Rapid7,2015-09-03
CVE-2016-0710,Rapid7,2016-03-06
CVE-2015-0313,Rapid7,2015-02-02
CVE-2015-0311,Rapid7,2014-04-28
CVE-2015-0318,Rapid7,2014-11-25
CVE-2017-6326,Rapid7,2017-04-26
CVE-2015-7857,Rapid7,2015-10-23
CVE-2016-1531,Rapid7,2016-03-10
CVE-2016-6277,Rapid7,2016-12-06
CVE-2017-7615,Rapid7,2017-04-16
CVE-2015-5122,Rapid7,2015-07-06
CVE-2016-7456,Rapid7,2016-12-20
CVE-2015-2426,Rapid7,2015-07-11
CVE-2017-6510,Rapid7,2017-03-07
CVE-2017-7269,Rapid7,
CVE-2016-0189,Rapid7,2016-05-10
CVE-2015-0002,Rapid7,2014-09-30
CVE-2015-1635,Rapid7,
CVE-2016-10033,Rapid7,2016-12-26
CVE-2016-1560,Rapid7,2016-04-07
CVE-2017-3881,Rapid7,2017-03-17
CVE-2015-2509,Rapid7,2015-09-08
CVE-2017-6553,Rapid7,2017-04-09
CVE-2017-6398,Rapid7,2017-01-15
CVE-2016-4557,Rapid7,2016-05-04
CVE-2016-10073,Rapid7,
CVE-2016-10174,Rapid7,2016-12-20
CVE-2016-10175,Rapid7,2016-12-20
CVE-2017-0147,Rapid7,2017-03-14
CVE-2017-0143,Rapid7,
CVE-2017-3823,Rapid7,2017-01-21
CVE-2017-9769,Rapid7,2017-03-22
CVE-2015-0016,Rapid7,2015-01-13
CVE-2017-5638,Rapid7,2017-03-07
CVE-2016-3088,Rapid7,2016-06-01
CVE-2016-3081,Rapid7,2016-04-27
CVE-2015-8562,Rapid7,2015-12-14
CVE-2017-0358,Rapid7,2017-01-05
CVE-2015-6127,Rapid7,2015-12-08
CVE-2015-5531,Rapid7,
CVE-2015-7808,Rapid7,2015-11-04
