cve,zdi_date,published_date,date_diff
cve-2016-1749,3/22/2016,3/23/2016,-1
cve-2016-7863,11/8/2016,11/8/2016,0
cve-2016-7864,11/8/2016,11/8/2016,0
cve-2012-0668,6/6/2012,5/15/2012,22
cve-2016-3222,6/22/2016,6/15/2016,7
cve-2010-0059,4/2/2010,3/30/2010,3
cve-2013-3194,8/13/2013,8/14/2013,-1
cve-2016-0860,2/5/2016,1/14/2016,22
cve-2016-0858,2/5/2016,1/14/2016,22
cve-2012-2019,7/12/2012,7/10/2012,2
cve-2009-1531,6/10/2009,6/10/2009,0
cve-2009-1701,6/8/2009,6/10/2009,-2
cve-2013-6221,6/11/2014,6/18/2014,-7
cve-2010-0268,4/13/2010,4/14/2010,-1
cve-2010-4375,12/10/2010,12/14/2010,-4
cve-2010-4389,12/10/2010,12/14/2010,-4
cve-2015-0099,3/10/2015,3/11/2015,-1
cve-2015-8571,12/8/2015,12/15/2015,-7
cve-2010-1396,6/8/2010,6/11/2010,-3
cve-2013-3706,4/3/2014,3/6/2014,28
cve-2009-3799,12/9/2009,12/10/2009,-1
cve-2011-1260,6/14/2011,6/16/2011,-2
cve-2011-2653,12/7/2011,12/8/2011,-1
cve-2011-1220,5/31/2011,6/2/2011,-2
cve-2011-1206,4/18/2011,4/21/2011,-3
cve-2011-1248,5/10/2011,5/13/2011,-3
cve-2011-2433,10/26/2011,9/15/2011,41
cve-2010-2779,7/20/2010,1/28/2011,-192
cve-2011-0591,2/8/2011,2/10/2011,-2
cve-2014-0767,4/10/2014,4/11/2014,-1
cve-2014-1371,7/18/2014,7/1/2014,17
cve-2011-2127,12/17/2011,6/16/2011,184
cve-2010-3600,1/18/2011,1/19/2011,-1
cve-2011-0066,5/10/2011,5/7/2011,3
cve-2014-4095,9/16/2014,9/9/2014,7
cve-2011-0247,8/16/2011,8/3/2011,13
cve-2011-0269,1/10/2011,1/13/2011,-3
cve-2014-4063,8/12/2014,8/12/2014,0
cve-2011-1033,2/7/2011,2/14/2011,-7
cve-2014-0786,5/2/2014,4/30/2014,2
cve-2011-2432,10/26/2011,9/15/2011,41
cve-2011-2434,10/26/2011,9/15/2011,41
cve-2014-0270,2/13/2014,2/11/2014,2
cve-2014-0275,2/13/2014,2/11/2014,2
cve-2011-3248,12/7/2011,10/27/2011,41
cve-2011-2735,8/23/2011,8/23/2011,0
cve-2010-4452,2/15/2011,2/17/2011,-2
cve-2014-6351,11/19/2014,11/11/2014,8
cve-2014-6369,2/25/2015,12/10/2014,77
cve-2009-0410,2/2/2009,2/3/2009,-1
cve-2014-9371,12/11/2014,12/16/2014,-5
cve-2014-9266,12/4/2014,12/8/2014,-4
cve-2014-4391,10/24/2014,10/17/2014,7
cve-2011-0549,7/7/2011,7/11/2011,-4
cve-2011-0554,10/18/2011,10/1/2011,17
cve-2011-0593,2/8/2011,2/10/2011,-2
cve-2011-0599,2/8/2011,2/10/2011,-2
cve-2011-0926,2/28/2011,2/25/2011,3
cve-2014-0432,4/21/2014,4/15/2014,6
cve-2010-2777,7/16/2010,1/28/2011,-196
cve-2016-4648,8/29/2016,7/21/2016,39
cve-2011-1388,2/8/2012,12/23/2011,47
cve-2014-0457,4/21/2014,4/15/2014,6
cve-2014-8424,11/25/2014,11/28/2014,-3
cve-2013-5048,12/15/2013,12/10/2013,5
cve-2012-0202,6/27/2012,5/4/2012,54
cve-2012-0122,6/21/2012,3/13/2012,100
cve-2013-5400,4/3/2014,2/13/2014,49
cve-2014-0226,7/16/2014,7/20/2014,-4
cve-2013-6213,4/17/2014,4/18/2014,-1
cve-2011-4373,2/8/2012,1/10/2012,29
cve-2014-1765,7/9/2014,4/27/2014,73
cve-2014-1766,6/11/2014,4/27/2014,45
cve-2014-1799,6/11/2014,6/10/2014,1
cve-2014-2490,7/18/2014,7/16/2014,2
cve-2014-2764,7/23/2014,6/10/2014,43
cve-2014-5503,10/1/2014,10/7/2014,-6
cve-2014-3790,5/30/2014,5/31/2014,-1
cve-2014-4058,8/12/2014,8/12/2014,0
cve-2014-4249,7/18/2014,7/17/2014,1
cve-2012-0928,12/21/2012,2/8/2012,317
cve-2015-2498,9/8/2015,9/8/2015,0
cve-2009-0953,6/2/2009,6/2/2009,0
cve-2014-8756,10/14/2014,10/17/2014,-3
cve-2014-8002,12/3/2014,11/25/2014,8
cve-2014-8508,11/3/2014,11/6/2014,-3
cve-2014-0274,2/13/2014,2/11/2014,2
cve-2014-1803,10/14/2014,6/10/2014,126
cve-2014-2365,7/18/2014,7/18/2014,0
cve-2014-2949,8/12/2014,6/18/2014,55
cve-2015-8572,12/8/2015,12/15/2015,-7
cve-2014-7890,3/12/2015,3/9/2015,3
cve-2015-6460,9/16/2015,9/18/2015,-2
cve-2015-4648,6/24/2015,7/6/2015,-12
cve-2015-0444,3/13/2015,7/16/2015,-125
cve-2015-6142,12/8/2015,12/9/2015,-1
cve-2014-4477,1/27/2015,1/30/2015,-3
cve-2015-1659,4/15/2015,4/14/2015,1
cve-2015-1679,5/12/2015,5/13/2015,-1
cve-2015-1714,5/12/2015,5/13/2015,-1
cve-2015-5113,7/14/2015,7/15/2015,-1
cve-2012-0190,2/8/2012,1/18/2012,21
cve-2012-0199,3/1/2012,3/5/2012,-4
cve-2015-2487,9/8/2015,9/8/2015,0
cve-2015-2602,7/20/2015,7/16/2015,4
cve-2015-3717,7/1/2015,7/2/2015,-1
cve-2012-1173,3/13/2012,6/4/2012,-83
cve-2015-6713,10/13/2015,10/14/2015,-1
cve-2014-0603,8/12/2014,2/6/2015,-178
cve-2015-6978,10/21/2015,10/23/2015,-2
cve-2012-1880,12/21/2012,6/12/2012,192
cve-2015-7817,11/10/2015,11/11/2015,-1
cve-2015-7819,11/10/2015,11/11/2015,-1
cve-2015-7829,10/13/2015,10/14/2015,-1
cve-2015-8449,12/8/2015,12/9/2015,-1
cve-2015-8581,12/14/2015,12/16/2015,-2
cve-2015-4060,5/27/2015,5/29/2015,-2
cve-2015-0120,4/8/2015,5/25/2015,-47
cve-2015-6721,10/13/2015,10/14/2015,-1
cve-2012-0289,8/22/2012,5/23/2012,91
cve-2015-6857,12/2/2015,11/25/2015,7
cve-2013-2366,11/24/2013,10/13/2013,42
cve-2015-2094,2/27/2015,3/9/2015,-10
cve-2012-0409,7/12/2012,6/1/2012,41
cve-2015-0314,2/10/2015,2/5/2015,5
cve-2015-1674,5/12/2015,5/13/2015,-1
cve-2015-0027,2/10/2015,2/10/2015,0
cve-2015-0058,2/10/2015,2/10/2015,0
cve-2015-0043,2/10/2015,2/10/2015,0
cve-2015-0341,3/12/2015,3/13/2015,-1
cve-2015-0445,3/13/2015,7/16/2015,-125
cve-2013-2426,5/10/2013,4/17/2013,23
cve-2013-3140,5/29/2013,12/16/2013,-201
cve-2015-0038,2/10/2015,2/10/2015,0
cve-2015-1660,4/15/2015,4/14/2015,1
cve-2015-1677,5/12/2015,5/13/2015,-1
cve-2015-1681,5/12/2015,5/13/2015,-1
cve-2013-4810,9/11/2013,9/13/2013,-2
cve-2015-2095,2/27/2015,3/9/2015,-10
cve-2012-0925,11/15/2012,2/8/2012,281
cve-2012-5205,3/22/2013,3/9/2013,13
cve-2013-0023,2/14/2013,2/13/2013,1
cve-2015-3085,5/12/2015,5/13/2015,-1
cve-2015-3659,7/1/2015,7/2/2015,-1
cve-2011-1654,4/13/2011,4/15/2011,-2
cve-2015-3663,7/1/2015,7/2/2015,-1
cve-2009-4309,12/8/2009,12/12/2009,-4
cve-2009-4310,12/8/2009,12/12/2009,-4
cve-2009-0945,5/13/2009,5/13/2009,0
cve-2009-0954,6/2/2009,6/2/2009,0
cve-2012-3174,2/1/2013,1/14/2013,18
cve-2010-1403,6/8/2010,6/11/2010,-3
cve-2010-1785,8/5/2010,7/30/2010,6
cve-2013-0809,6/27/2013,3/4/2013,115
cve-2011-3219,10/26/2011,10/12/2011,14
cve-2015-2284,3/13/2015,3/24/2015,-11
cve-2010-3565,10/12/2010,10/19/2010,-7
cve-2015-5419,8/24/2015,8/24/2015,0
cve-2015-5422,8/24/2015,8/24/2015,0
cve-2015-7839,10/7/2015,10/15/2015,-8
cve-2009-3862,11/2/2009,11/4/2009,-2
cve-2015-6143,12/8/2015,12/9/2015,-1
cve-2010-0060,4/2/2010,3/30/2010,3
cve-2015-6709,10/13/2015,10/14/2015,-1
cve-2015-6716,10/13/2015,10/14/2015,-1
cve-2015-6717,10/13/2015,10/14/2015,-1
cve-2015-6723,10/13/2015,10/14/2015,-1
cve-2015-4441,7/14/2015,7/15/2015,-1
cve-2015-5583,10/13/2015,10/14/2015,-1
cve-2013-2331,6/11/2013,6/6/2013,5
cve-2015-0094,3/10/2015,3/11/2015,-1
cve-2010-2419,10/12/2010,10/13/2010,-1
cve-2015-3068,5/12/2015,5/13/2015,-1
cve-2014-0569,10/14/2014,10/15/2014,-1
cve-2014-1782,6/11/2014,6/10/2014,1
cve-2015-8820,3/2/2016,3/4/2016,-2
cve-2014-3788,5/19/2014,5/22/2014,-3
cve-2016-1808,8/29/2016,5/20/2016,101
cve-2012-3748,2/1/2013,11/3/2012,90
cve-2016-2837,12/19/2016,8/4/2016,137
cve-2014-5005,1/7/2015,10/21/2014,78
cve-2014-4117,10/14/2014,10/15/2014,-1
cve-2016-6959,10/11/2016,10/13/2016,-2
cve-2016-6966,10/11/2016,10/13/2016,-2
cve-2016-6977,10/11/2016,10/13/2016,-2
cve-2013-4841,4/3/2014,2/26/2014,36
cve-2016-7246,11/8/2016,11/10/2016,-2
cve-2014-0263,2/13/2014,2/11/2014,2
cve-2010-2760,9/13/2010,9/9/2010,4
cve-2014-1246,4/3/2014,2/26/2014,36
cve-2016-4265,8/24/2016,8/26/2016,-2
cve-2016-4270,8/24/2016,8/26/2016,-2
cve-2014-2619,7/16/2014,7/15/2014,1
cve-2016-4622,8/18/2016,7/21/2016,28
cve-2014-2757,6/11/2014,6/10/2014,1
cve-2014-2803,7/24/2014,7/8/2014,16
cve-2014-3805,6/11/2014,6/13/2014,-2
cve-2014-4050,8/12/2014,8/12/2014,0
cve-2014-5502,10/1/2014,10/7/2014,-6
cve-2011-0598,2/8/2011,2/10/2011,-2
cve-2011-0694,2/8/2011,2/21/2011,-13
cve-2014-6327,12/9/2014,12/10/2014,-1
cve-2011-0920,3/22/2011,2/8/2011,42
cve-2014-6374,12/9/2014,12/10/2014,-1
cve-2011-0976,2/7/2011,2/10/2011,-3
cve-2016-0159,4/12/2016,4/12/2016,0
cve-2011-1346,6/14/2011,3/10/2011,96
cve-2011-1708,6/6/2011,6/9/2011,-3
cve-2011-1733,4/29/2011,5/7/2011,-8
cve-2011-1850,5/10/2011,5/13/2011,-3
cve-2014-0765,4/10/2014,4/11/2014,-1
cve-2014-0771,5/19/2014,4/11/2014,38
cve-2011-1964,8/9/2011,8/10/2011,-1
cve-2011-1989,10/13/2011,9/15/2011,28
cve-2011-2114,6/14/2011,6/16/2011,-2
cve-2011-2119,6/14/2011,6/16/2011,-2
cve-2011-2121,6/14/2011,6/16/2011,-2
cve-2011-2397,12/1/2011,12/5/2011,-4
cve-2016-0091,3/8/2016,3/9/2016,-1
cve-2015-8656,3/2/2016,3/4/2016,-2
cve-2011-2738,10/18/2011,9/17/2011,31
cve-2015-6081,11/10/2015,11/11/2015,-1
cve-2016-0107,3/8/2016,3/9/2016,-1
cve-2009-2753,3/1/2010,3/5/2010,-4
cve-2015-1650,4/15/2015,4/14/2015,1
cve-2015-2430,8/11/2015,8/14/2015,-3
cve-2011-3220,10/27/2011,10/14/2011,13
cve-2016-1054,5/10/2016,5/11/2016,-1
cve-2016-1117,5/10/2016,5/11/2016,-1
cve-2016-1072,5/10/2016,5/11/2016,-1
cve-2011-3459,6/27/2012,2/2/2012,146
cve-2015-6047,10/13/2015,10/13/2015,0
cve-2016-1626,2/18/2016,2/13/2016,5
cve-2011-4167,12/22/2011,12/26/2011,-4
cve-2011-4187,6/27/2012,2/20/2012,128
cve-2016-1797,5/27/2016,5/20/2016,7
cve-2016-1857,5/19/2016,5/20/2016,-1
cve-2016-2005,4/27/2016,4/21/2016,6
cve-2015-2397,7/14/2015,7/14/2015,0
cve-2014-5445,4/15/2015,12/4/2014,132
cve-2015-2485,9/8/2015,9/8/2015,0
cve-2016-3308,8/9/2016,8/9/2016,0
cve-2015-3056,5/12/2015,5/13/2015,-1
cve-2016-3365,9/16/2016,9/14/2016,2
cve-2016-3586,7/21/2016,7/21/2016,0
cve-2016-4063,3/23/2016,4/22/2016,-30
cve-2016-4199,7/12/2016,7/12/2016,0
cve-2016-4251,7/12/2016,7/12/2016,0
cve-2013-0401,5/29/2013,3/8/2013,82
cve-2016-4523,7/1/2016,6/9/2016,22
cve-2016-4709,11/15/2016,9/25/2016,51
cve-2015-1626,3/10/2015,3/11/2015,-1
cve-2016-5765,12/13/2016,11/29/2016,14
cve-2016-0174,5/10/2016,5/10/2016,0
cve-2010-0906,7/13/2010,7/13/2010,0
cve-2016-4359,6/3/2016,6/8/2016,-5
cve-2016-4497,5/11/2016,5/11/2016,0
cve-2016-3292,9/16/2016,9/14/2016,2
cve-2016-0451,1/22/2016,1/20/2016,2
cve-2016-0452,1/22/2016,1/20/2016,2
cve-2016-4710,11/15/2016,9/25/2016,51
cve-2016-0932,1/12/2016,1/13/2016,-1
cve-2016-1065,5/10/2016,5/11/2016,-1
cve-2016-1067,5/10/2016,5/11/2016,-1
cve-2016-1070,5/10/2016,5/11/2016,-1
cve-2009-0555,10/13/2009,10/14/2009,-1
cve-2016-0061,2/9/2016,2/10/2016,-1
cve-2015-5970,2/11/2016,2/18/2016,-7
cve-2015-7818,11/10/2015,11/11/2015,-1
cve-2015-8050,12/8/2015,12/9/2015,-1
cve-2016-6953,10/11/2016,10/13/2016,-2
cve-2016-6968,10/11/2016,10/13/2016,-2
cve-2016-6971,10/11/2016,10/13/2016,-2
cve-2015-3799,8/13/2015,8/16/2015,-3
cve-2016-2007,4/27/2016,4/21/2016,6
cve-2015-8030,10/20/2015,10/30/2015,-10
cve-2010-0244,1/21/2010,1/22/2010,-1
cve-2010-0284,6/21/2010,6/18/2010,3
cve-2015-0085,3/12/2015,3/11/2015,1
cve-2009-1709,6/8/2009,6/10/2009,-2
cve-2011-0116,3/2/2011,3/3/2011,-1
cve-2015-8447,12/8/2015,12/9/2015,-1
cve-2009-2985,10/13/2009,10/19/2009,-6
cve-2009-0957,6/2/2009,6/2/2009,0
cve-2010-0447,3/9/2010,3/10/2010,-1
cve-2015-4032,5/22/2015,5/29/2015,-7
cve-2009-1918,8/5/2009,7/29/2009,7
cve-2010-0589,4/14/2010,4/15/2010,-1
cve-2010-0625,4/5/2010,4/5/2010,0
cve-2010-0840,4/5/2010,4/1/2010,4
cve-2010-1120,4/14/2010,3/25/2010,20
cve-2009-2798,9/10/2009,9/10/2009,0
cve-2011-2001,10/15/2011,10/11/2011,4
cve-2009-0076,2/10/2009,2/10/2009,0
cve-2015-0025,2/10/2015,2/10/2015,0
cve-2009-1134,6/10/2009,6/10/2009,0
cve-2009-2675,8/5/2009,8/5/2009,0
cve-2010-4228,3/18/2011,3/22/2011,-4
cve-2010-2162,6/16/2010,6/15/2010,1
cve-2014-9205,3/12/2015,3/29/2015,-17
cve-2010-4393,1/27/2011,1/31/2011,-4
cve-2015-0003,2/10/2015,2/10/2015,0
cve-2015-0119,4/8/2015,4/5/2015,3
cve-2010-2876,8/24/2010,8/26/2010,-2
cve-2009-3843,11/20/2009,11/23/2009,-3
cve-2010-3040,11/7/2010,11/9/2010,-2
cve-2015-0982,3/12/2015,3/13/2015,-1
cve-2011-0084,8/17/2011,8/18/2011,-1
cve-2015-2388,7/14/2015,7/14/2015,0
cve-2015-1251,5/19/2015,5/20/2015,-1
cve-2011-0250,8/9/2011,8/3/2011,6
cve-2015-1605,2/20/2015,2/24/2015,-4
cve-2015-1667,4/15/2015,4/14/2015,1
cve-2015-1624,3/10/2015,3/11/2015,-1
cve-2015-1706,5/12/2015,5/13/2015,-1
cve-2015-1735,6/11/2015,6/9/2015,2
cve-2011-3221,10/27/2011,10/14/2011,13
cve-2015-1930,6/30/2015,6/30/2015,0
cve-2009-4242,1/21/2010,1/25/2010,-4
cve-2015-2406,7/14/2015,7/14/2015,0
cve-2015-2377,7/14/2015,7/14/2015,0
cve-2015-2429,8/11/2015,8/14/2015,-3
cve-2015-2440,8/11/2015,8/14/2015,-3
cve-2015-2500,9/8/2015,9/8/2015,0
cve-2010-2553,8/10/2010,8/11/2010,-1
cve-2010-3167,9/13/2010,9/9/2010,4
cve-2013-2473,6/27/2013,6/18/2013,9
cve-2014-2622,7/16/2014,7/15/2014,1
cve-2015-3669,7/1/2015,7/2/2015,-1
cve-2015-4016,5/19/2015,5/20/2015,-1
cve-2015-4438,7/14/2015,7/15/2015,-1
cve-2015-4509,12/18/2015,9/23/2015,86
cve-2011-1700,6/6/2011,6/9/2011,-3
cve-2015-5091,7/14/2015,7/15/2015,-1
cve-2015-5095,7/14/2015,7/15/2015,-1
cve-2015-5536,7/20/2015,8/13/2015,-24
cve-2015-8561,12/8/2015,12/14/2015,-6
cve-2013-0002,2/1/2013,1/9/2013,23
cve-2013-0020,2/14/2013,2/13/2013,1
cve-2013-0089,3/22/2013,3/12/2013,10
cve-2015-6064,11/10/2015,11/11/2015,-1
cve-2015-6093,11/10/2015,11/11/2015,-1
cve-2015-6160,12/8/2015,12/9/2015,-1
cve-2011-0176,3/22/2011,3/22/2011,0
cve-2015-2383,7/20/2015,7/14/2015,6
cve-2015-3059,5/12/2015,5/13/2015,-1
cve-2016-0060,2/9/2016,2/10/2016,-1
cve-2016-0937,1/12/2016,1/13/2016,-1
cve-2016-1008,3/8/2016,3/9/2016,-1
cve-2013-0999,5/30/2013,5/19/2013,11
cve-2013-1021,6/11/2013,5/24/2013,18
cve-2015-6094,11/10/2015,11/11/2015,-1
cve-2013-1312,5/30/2013,5/14/2013,16
cve-2016-2299,4/12/2016,4/21/2016,-9
cve-2011-4786,1/12/2012,1/12/2012,0
cve-2016-4195,7/12/2016,7/12/2016,0
cve-2016-1076,5/10/2016,5/11/2016,-1
cve-2016-4350,4/28/2016,5/9/2016,-11
cve-2013-2334,6/11/2013,6/6/2013,5
cve-2013-2344,1/10/2014,1/3/2014,7
cve-2013-2362,8/13/2013,7/19/2013,25
cve-2013-2370,7/26/2013,7/26/2013,0
cve-2013-2436,5/10/2013,4/17/2013,23
cve-2013-2471,6/27/2013,6/18/2013,9
cve-2016-1071,5/10/2016,5/11/2016,-1
cve-2013-2727,5/30/2013,5/16/2013,14
cve-2015-8654,3/2/2016,3/4/2016,-2
cve-2015-8657,3/2/2016,3/4/2016,-2
cve-2016-0046,2/9/2016,2/10/2016,-1
cve-2016-0148,4/12/2016,4/12/2016,0
cve-2013-3119,6/27/2013,6/11/2013,16
cve-2016-0480,1/25/2016,1/20/2016,5
cve-2013-3145,7/26/2013,7/9/2013,17
cve-2016-0486,1/25/2016,1/20/2016,5
cve-2013-3199,8/13/2013,8/14/2013,-1
cve-2013-3201,9/11/2013,9/11/2013,0
cve-2016-0943,1/12/2016,1/13/2016,-1
cve-2016-1061,5/10/2016,5/11/2016,-1
cve-2016-1068,5/10/2016,5/11/2016,-1
cve-2016-1649,4/8/2016,3/29/2016,10
cve-2016-1820,5/19/2016,5/20/2016,-1
cve-2013-3764,8/13/2013,7/17/2013,27
cve-2013-3863,9/11/2013,9/11/2013,0
cve-2013-3894,10/8/2013,10/9/2013,-1
cve-2012-0708,6/28/2012,4/22/2012,67
cve-2013-3912,11/24/2013,11/12/2013,12
cve-2013-3917,11/24/2013,11/12/2013,12
cve-2010-0497,4/2/2010,3/30/2010,3
cve-2016-3322,8/9/2016,8/9/2016,0
cve-2016-3610,7/21/2016,7/21/2016,0
cve-2016-4059,3/23/2016,4/22/2016,-30
cve-2016-4269,8/24/2016,8/26/2016,-2
cve-2013-4802,8/13/2013,7/26/2013,18
cve-2013-4812,9/11/2013,9/13/2013,-2
cve-2016-4727,9/20/2016,9/25/2016,-5
cve-2013-5387,2/13/2014,11/6/2013,99
cve-2013-5487,11/24/2013,9/23/2013,62
cve-2016-7862,11/8/2016,11/8/2016,0
cve-2016-0118,3/8/2016,3/9/2016,-1
cve-2016-1042,5/10/2016,5/11/2016,-1
cve-2014-0605,8/12/2014,2/6/2015,-178
cve-2015-0666,4/3/2015,4/3/2015,0
cve-2016-6980,9/27/2016,9/26/2016,1
cve-2016-4385,9/21/2016,9/29/2016,-8
cve-2016-0481,1/25/2016,1/20/2016,5
cve-2016-0482,1/25/2016,1/20/2016,5
cve-2016-0492,1/25/2016,1/20/2016,5
cve-2013-6189,1/29/2014,12/28/2013,32
cve-2016-1017,4/8/2016,4/8/2016,0
cve-2016-1050,5/10/2016,5/11/2016,-1
cve-2016-1048,5/10/2016,5/11/2016,-1
cve-2016-1051,5/10/2016,5/11/2016,-1
cve-2012-2557,12/21/2012,9/21/2012,91
cve-2016-1062,5/10/2016,5/11/2016,-1
cve-2014-1764,6/11/2014,4/27/2014,45
cve-2010-4325,1/26/2011,1/28/2011,-2
cve-2012-1682,12/21/2012,8/30/2012,113
cve-2011-2111,6/14/2011,6/16/2011,-2
cve-2016-6942,10/11/2016,10/13/2016,-2
cve-2016-6976,10/11/2016,10/13/2016,-2
cve-2011-2094,6/14/2011,6/16/2011,-2
cve-2016-1079,5/10/2016,5/11/2016,-1
cve-2009-0007,1/21/2009,1/21/2009,0
cve-2009-0563,6/10/2009,6/10/2009,0
cve-2009-2685,11/5/2009,11/6/2009,-1
cve-2009-3068,9/23/2009,9/4/2009,19
cve-2012-0002,3/15/2012,3/13/2012,2
cve-2009-1044,3/30/2009,3/23/2009,7
cve-2009-1528,6/10/2009,6/10/2009,0
cve-2009-1530,6/10/2009,6/10/2009,0
cve-2009-1977,8/18/2009,7/14/2009,35
cve-2009-2531,10/13/2009,10/14/2009,-1
cve-2013-0093,3/22/2013,3/12/2013,10
cve-2013-4837,11/24/2013,11/4/2013,20
cve-2009-0006,1/21/2009,1/21/2009,0
cve-2009-0010,5/13/2009,5/13/2009,0
cve-2009-0154,5/13/2009,5/13/2009,0
cve-2012-0121,6/21/2012,3/13/2012,100
cve-2012-0182,12/21/2012,10/9/2012,73
cve-2012-0188,1/30/2012,1/18/2012,12
cve-2012-0395,2/8/2012,1/26/2012,13
cve-2012-0417,12/21/2012,9/28/2012,84
cve-2013-4836,11/24/2013,11/4/2013,20
cve-2014-2617,7/9/2014,7/7/2014,2
cve-2012-0662,8/17/2012,5/10/2012,99
cve-2009-1376,6/8/2009,5/26/2009,13
cve-2012-0922,6/6/2012,2/8/2012,119
cve-2009-3077,9/10/2009,9/10/2009,0
cve-2015-1748,6/11/2015,6/9/2015,2
cve-2013-2384,5/10/2013,4/17/2013,23
cve-2013-3911,11/24/2013,11/12/2013,12
cve-2012-1876,6/12/2012,6/12/2012,0
cve-2012-1877,12/21/2012,6/12/2012,192
cve-2012-1878,12/21/2012,6/12/2012,192
cve-2012-1891,8/22/2012,7/10/2012,43
cve-2014-0751,2/13/2014,1/25/2014,19
cve-2014-8678,11/21/2014,11/25/2014,-4
cve-2010-1555,5/11/2010,5/13/2010,-2
cve-2010-0053,3/16/2010,3/12/2010,4
cve-2010-0095,4/5/2010,4/1/2010,4
cve-2010-0250,2/9/2010,2/10/2010,-1
cve-2010-2997,12/10/2010,12/14/2010,-4
cve-2014-2626,7/24/2014,7/26/2014,-2
cve-2015-7623,10/13/2015,10/14/2015,-1
cve-2014-2781,7/9/2014,7/8/2014,1
cve-2010-1214,7/20/2010,7/30/2010,-10
cve-2012-2493,8/22/2012,6/20/2012,63
cve-2013-2330,6/11/2013,6/6/2013,5
cve-2010-0529,4/6/2010,3/31/2010,6
cve-2010-1883,10/12/2010,10/13/2010,-1
cve-2010-3655,10/29/2010,10/29/2010,0
cve-2010-3747,10/15/2010,10/18/2010,-3
cve-2010-3937,12/14/2010,12/16/2010,-2
cve-2009-4257,1/21/2010,1/25/2010,-4
cve-2014-1767,7/9/2014,7/8/2014,1
cve-2014-2775,6/11/2014,6/10/2014,1
cve-2010-1554,5/11/2010,5/13/2010,-2
cve-2014-0278,4/23/2014,2/11/2014,71
cve-2010-2188,6/21/2010,6/15/2010,6
cve-2010-3800,12/7/2010,12/9/2010,-2
cve-2011-0065,5/10/2011,5/7/2011,3
cve-2012-3213,2/11/2013,2/1/2013,10
cve-2012-3285,2/11/2013,2/6/2013,5
cve-2010-4229,4/11/2011,4/18/2011,-7
cve-2010-4416,1/18/2011,1/19/2011,-1
cve-2011-0092,2/8/2011,2/10/2011,-2
cve-2011-0265,1/10/2011,1/13/2011,-3
cve-2011-0335,6/14/2011,6/16/2011,-2
cve-2011-2435,10/26/2011,9/15/2011,41
cve-2011-2437,10/26/2011,9/15/2011,41
cve-2011-2947,8/16/2011,8/18/2011,-2
cve-2011-2950,8/16/2011,8/18/2011,-2
cve-2011-0889,3/18/2011,3/16/2011,2
cve-2011-0925,2/28/2011,2/28/2011,0
cve-2011-1734,4/29/2011,5/7/2011,-8
cve-2011-1741,7/18/2011,7/19/2011,-1
cve-2011-4262,3/22/2012,11/24/2011,119
cve-2011-0248,8/16/2011,8/3/2011,13
cve-2010-4323,2/17/2011,2/18/2011,-1
cve-2011-0922,2/7/2011,2/8/2011,-1
cve-2011-0994,4/4/2011,4/9/2011,-5
cve-2011-1266,6/14/2011,6/16/2011,-2
cve-2011-0257,8/8/2011,8/15/2011,-7
cve-2014-0308,4/3/2014,3/11/2014,23
cve-2014-1713,4/11/2014,3/16/2014,26
cve-2014-4079,9/16/2014,9/9/2014,7
cve-2014-4107,9/16/2014,9/9/2014,7
cve-2011-1705,6/6/2011,6/9/2011,-3
cve-2014-1774,6/11/2014,6/10/2014,1
cve-2010-2778,7/20/2010,1/28/2011,-192
cve-2014-8269,12/11/2014,12/12/2014,-1
cve-2014-2758,6/11/2014,6/10/2014,1
cve-2014-9268,12/4/2014,12/8/2014,-4
cve-2014-2615,7/9/2014,7/7/2014,2
cve-2014-0455,4/21/2014,4/15/2014,6
cve-2011-4004,10/26/2011,10/27/2011,-1
cve-2014-1247,4/3/2014,2/26/2014,36
cve-2014-1314,12/2/2014,4/23/2014,223
cve-2011-4166,12/22/2011,12/26/2011,-4
cve-2014-1753,4/10/2014,4/8/2014,2
cve-2012-5207,4/9/2013,3/9/2013,31
cve-2010-0516,4/2/2010,3/30/2010,3
cve-2012-0663,6/21/2012,5/15/2012,37
cve-2014-0511,5/19/2014,3/27/2014,53
cve-2014-0540,8/12/2014,8/12/2014,0
cve-2014-6343,11/19/2014,11/11/2014,8
cve-2014-1320,5/2/2014,4/23/2014,9
cve-2014-4055,8/12/2014,8/12/2014,0
cve-2014-4085,9/16/2014,9/9/2014,7
cve-2014-4350,9/22/2014,9/19/2014,3
cve-2011-0101,4/12/2011,4/13/2011,-1
cve-2011-0133,3/2/2011,3/3/2011,-1
cve-2011-0200,6/29/2011,6/24/2011,5
cve-2011-0211,6/29/2011,6/24/2011,5
cve-2011-0249,8/16/2011,8/3/2011,13
cve-2011-0251,8/16/2011,8/3/2011,13
cve-2011-0261,1/10/2011,1/13/2011,-3
cve-2011-0264,1/10/2011,1/13/2011,-3
cve-2011-0266,1/10/2011,1/13/2011,-3
cve-2012-0011,2/22/2012,2/14/2012,8
cve-2011-0273,1/20/2011,1/24/2011,-4
cve-2011-0592,2/8/2011,2/10/2011,-2
cve-2011-4789,1/12/2012,1/12/2012,0
cve-2011-0980,2/7/2011,2/10/2011,-3
cve-2011-1208,4/26/2011,5/4/2011,-8
cve-2011-1347,8/9/2011,3/10/2011,152
cve-2012-0650,11/15/2012,9/20/2012,56
cve-2011-1426,4/12/2011,4/18/2011,-6
cve-2011-1610,4/28/2011,5/3/2011,-5
cve-2011-1653,4/13/2011,4/15/2011,-2
cve-2011-1701,6/6/2011,6/9/2011,-3
cve-2011-1706,6/6/2011,6/9/2011,-3
cve-2011-1851,5/10/2011,5/13/2011,-3
cve-2011-1854,5/10/2011,5/13/2011,-3
cve-2012-0669,6/6/2012,5/15/2012,22
cve-2013-0998,5/30/2013,5/19/2013,11
cve-2014-8514,1/7/2015,12/27/2014,11
cve-2014-9263,12/4/2014,12/8/2014,-4
cve-2011-0578,2/8/2011,2/10/2011,-2
cve-2014-4979,7/23/2014,7/26/2014,-3
cve-2014-0117,7/18/2014,7/20/2014,-2
cve-2013-4838,11/24/2013,11/4/2013,20
cve-2012-5201,3/22/2013,3/9/2013,13
cve-2011-2118,6/14/2011,6/16/2011,-2
cve-2011-2378,8/17/2011,8/18/2011,-1
cve-2013-2420,5/10/2013,4/17/2013,23
cve-2014-2614,7/9/2014,7/7/2014,2
cve-2014-4105,9/16/2014,9/9/2014,7
cve-2014-4151,6/13/2014,6/18/2014,-5
cve-2013-3203,9/11/2013,9/11/2013,0
cve-2015-6948,9/2/2015,9/15/2015,-13
cve-2014-9200,2/10/2015,2/1/2015,9
cve-2014-7892,3/12/2015,3/9/2015,3
cve-2015-0446,3/13/2015,7/16/2015,-125
cve-2015-0795,7/14/2015,7/18/2015,-4
cve-2015-5685,7/29/2015,8/13/2015,-15
cve-2013-0024,2/14/2013,2/13/2013,1
cve-2013-5398,12/20/2013,12/18/2013,2
cve-2015-1953,6/30/2015,6/30/2015,0
cve-2015-6053,10/13/2015,10/13/2015,0
cve-2015-2499,9/8/2015,9/8/2015,0
cve-2015-6695,10/13/2015,10/14/2015,-1
cve-2015-3053,5/12/2015,5/13/2015,-1
cve-2015-3065,5/12/2015,5/13/2015,-1
cve-2015-7918,12/8/2015,12/14/2015,-6
cve-2015-7621,10/13/2015,10/14/2015,-1
cve-2015-7657,11/10/2015,11/11/2015,-1
cve-2015-8450,12/8/2015,12/9/2015,-1
cve-2015-8457,12/10/2015,12/9/2015,1
cve-2013-2455,6/27/2013,6/18/2013,9
cve-2013-4797,8/13/2013,7/26/2013,18
cve-2011-3156,11/7/2011,10/19/2011,19
cve-2011-3174,11/7/2011,7/26/2012,-262
cve-2013-3122,6/27/2013,6/11/2013,16
cve-2015-7838,10/7/2015,10/15/2015,-8
cve-2010-2766,9/13/2010,9/9/2010,4
cve-2014-8074,10/14/2014,10/17/2014,-3
cve-2014-8509,10/29/2014,10/31/2014,-2
cve-2011-3223,10/27/2011,10/14/2011,13
cve-2015-5109,7/29/2015,7/15/2015,14
cve-2015-8570,12/8/2015,12/15/2015,-7
cve-2013-3347,7/26/2013,7/10/2013,16
cve-2014-7894,3/12/2015,3/9/2015,3
cve-2015-1622,3/10/2015,3/11/2015,-1
cve-2015-0100,3/10/2015,3/11/2015,-1
cve-2013-1309,5/29/2013,5/14/2013,15
cve-2015-1069,4/8/2015,3/18/2015,21
cve-2015-1044,2/10/2015,1/29/2015,12
cve-2015-1501,2/10/2015,2/16/2015,-6
cve-2015-1661,4/15/2015,4/14/2015,1
cve-2015-1668,4/15/2015,4/14/2015,1
cve-2015-3125,7/8/2015,7/9/2015,-1
cve-2015-3677,7/1/2015,7/2/2015,-1
cve-2015-1941,6/30/2015,6/30/2015,0
cve-2015-1942,6/30/2015,6/30/2015,0
cve-2015-2403,7/14/2015,7/14/2015,0
cve-2015-2558,10/13/2015,10/13/2015,0
cve-2011-0262,1/10/2011,1/13/2011,-3
cve-2013-4854,8/13/2013,7/26/2013,18
cve-2015-1902,5/12/2015,5/20/2015,-8
cve-2015-4934,7/30/2015,8/3/2015,-4
cve-2011-1702,6/6/2011,6/9/2011,-3
cve-2010-4326,1/25/2011,1/28/2011,-3
cve-2015-4445,7/14/2015,7/15/2015,-1
cve-2009-1133,8/11/2009,8/12/2009,-1
cve-2013-4799,8/13/2013,7/26/2013,18
cve-2014-1775,6/11/2014,6/10/2014,1
cve-2011-1704,6/6/2011,6/9/2011,-3
cve-2015-4932,7/30/2015,8/3/2015,-4
cve-2015-4933,7/30/2015,8/3/2015,-4
cve-2013-3184,8/13/2013,8/14/2013,-1
cve-2011-3460,4/9/2012,2/2/2012,67
cve-2011-3671,8/3/2012,6/18/2012,46
cve-2012-1543,2/11/2013,2/1/2013,10
cve-2011-0263,1/10/2011,1/13/2011,-3
cve-2011-1262,6/14/2011,6/16/2011,-2
cve-2013-0092,3/22/2013,3/12/2013,10
cve-2010-3622,10/6/2010,10/6/2010,0
cve-2014-8512,1/7/2015,12/27/2014,11
cve-2015-6134,12/8/2015,12/9/2015,-1
cve-2016-4647,7/20/2016,7/21/2016,-1
cve-2016-1961,3/11/2016,3/13/2016,-2
cve-2015-6694,10/13/2015,10/14/2015,-1
cve-2015-6704,10/13/2015,10/14/2015,-1
cve-2015-4497,8/31/2015,8/29/2015,2
cve-2016-4360,6/3/2016,6/8/2016,-5
cve-2016-1047,5/10/2016,5/11/2016,-1
cve-2015-3061,5/12/2015,5/13/2015,-1
cve-2015-3064,5/12/2015,5/13/2015,-1
cve-2016-1715,1/8/2016,1/12/2016,-4
cve-2013-3143,7/26/2013,7/9/2013,17
cve-2016-0003,1/12/2016,1/12/2016,0
cve-2011-1261,6/14/2011,6/16/2011,-2
cve-2016-7860,11/8/2016,11/8/2016,0
cve-2015-1949,6/30/2015,6/30/2015,0
cve-2015-8823,4/15/2016,4/22/2016,-7
cve-2016-1778,3/22/2016,3/23/2016,-1
cve-2016-1817,5/19/2016,5/20/2016,-1
cve-2014-2636,10/14/2014,10/9/2014,5
cve-2016-1960,3/11/2016,3/13/2016,-2
cve-2011-4186,8/29/2012,2/20/2012,191
cve-2011-4252,11/28/2011,11/24/2011,4
cve-2011-4254,3/22/2012,11/24/2011,119
cve-2011-4255,11/28/2011,11/24/2011,4
cve-2015-6075,11/10/2015,11/11/2015,-1
cve-2016-3199,6/16/2016,6/15/2016,1
cve-2014-1300,4/11/2014,3/26/2014,16
cve-2016-3264,7/12/2016,7/12/2016,0
cve-2014-1581,2/23/2015,10/15/2014,131
cve-2014-4052,8/12/2014,8/12/2014,0
cve-2014-1705,4/11/2014,3/16/2014,26
cve-2014-1715,4/11/2014,3/16/2014,26
cve-2012-0232,8/22/2012,3/15/2012,160
cve-2014-1797,6/11/2014,6/10/2014,1
cve-2013-4801,8/13/2013,7/26/2013,18
cve-2010-3719,1/31/2011,2/1/2011,-1
cve-2009-2799,9/10/2009,9/10/2009,0
cve-2016-6940,10/11/2016,10/13/2016,-2
cve-2010-0505,4/5/2010,3/30/2010,6
cve-2014-0298,3/20/2014,3/11/2014,9
cve-2016-6965,10/11/2016,10/13/2016,-2
cve-2016-6950,10/11/2016,10/13/2016,-2
cve-2012-0189,1/30/2012,1/18/2012,12
cve-2010-0245,1/21/2010,1/22/2010,-1
cve-2010-1208,7/20/2010,7/30/2010,-10
cve-2014-2276,4/8/2014,3/21/2014,18
cve-2011-0918,2/7/2011,2/8/2011,-1
cve-2009-0562,8/11/2009,8/12/2009,-1
cve-2014-2782,6/18/2014,6/19/2014,-1
cve-2011-3162,11/7/2011,10/19/2011,19
cve-2014-1770,5/21/2014,5/22/2014,-1
cve-2016-4268,8/24/2016,8/26/2016,-2
cve-2016-4652,7/20/2016,7/21/2016,-1
cve-2016-1095,5/10/2016,5/11/2016,-1
cve-2015-8658,3/2/2016,3/4/2016,-2
cve-2016-0095,3/10/2016,3/9/2016,1
cve-2014-4108,9/16/2014,9/9/2014,7
cve-2016-0176,5/10/2016,5/10/2016,0
cve-2014-0289,2/13/2014,2/11/2014,2
cve-2016-0489,1/25/2016,1/20/2016,5
cve-2014-9162,12/9/2014,12/10/2014,-1
cve-2014-2368,7/18/2014,7/18/2014,0
cve-2010-0048,8/9/2010,3/12/2010,150
cve-2010-0049,8/11/2010,3/12/2010,152
cve-2010-0050,3/16/2010,3/12/2010,4
cve-2014-6375,12/9/2014,12/10/2014,-1
cve-2010-0177,4/2/2010,4/5/2010,-3
cve-2016-0975,2/9/2016,2/10/2016,-1
cve-2016-1060,5/10/2016,5/11/2016,-1
cve-2015-6083,12/23/2015,12/9/2015,14
cve-2016-1815,5/19/2016,5/20/2016,-1
cve-2014-0286,2/13/2014,2/11/2014,2
cve-2014-4152,6/13/2014,6/18/2014,-5
cve-2013-3358,9/11/2013,9/11/2013,0
cve-2016-4639,7/20/2016,7/21/2016,-1
cve-2016-3215,6/22/2016,6/15/2016,7
cve-2010-0821,6/8/2010,6/8/2010,0
cve-2015-2455,8/11/2015,8/14/2015,-3
cve-2010-0838,4/5/2010,4/1/2010,4
cve-2010-0844,4/5/2010,4/1/2010,4
cve-2015-3253,7/20/2015,8/13/2015,-24
cve-2015-0331,2/19/2015,2/21/2015,-2
cve-2016-4197,7/12/2016,7/12/2016,0
cve-2010-1028,4/6/2010,3/19/2010,18
cve-2016-4255,7/12/2016,7/12/2016,0
cve-2016-4266,8/24/2016,8/26/2016,-2
cve-2016-4496,5/11/2016,5/11/2016,0
cve-2016-4529,7/20/2016,7/15/2016,5
cve-2015-5090,7/14/2015,7/15/2015,-1
cve-2014-2637,10/14/2014,10/9/2014,5
cve-2010-1185,3/16/2010,3/29/2010,-13
cve-2016-5535,11/1/2016,10/25/2016,7
cve-2016-5568,11/1/2016,10/25/2016,7
cve-2014-0269,2/13/2014,2/11/2014,2
cve-2014-0288,2/13/2014,2/11/2014,2
cve-2014-0312,3/20/2014,3/11/2014,9
cve-2010-1278,4/21/2010,4/22/2010,-1
cve-2010-1292,5/11/2010,5/13/2010,-2
cve-2010-1401,6/8/2010,6/11/2010,-3
cve-2010-1402,6/8/2010,6/11/2010,-3
cve-2016-0478,1/25/2016,1/20/2016,5
cve-2016-0855,2/5/2016,1/14/2016,22
cve-2016-1057,5/10/2016,5/11/2016,-1
cve-2016-1094,5/10/2016,5/11/2016,-1
cve-2016-0020,1/12/2016,1/12/2016,0
cve-2016-0450,1/22/2016,1/20/2016,2
cve-2014-2416,4/21/2014,4/15/2014,6
cve-2014-2417,4/21/2014,4/15/2014,6
cve-2010-1770,6/8/2010,6/11/2010,-3
cve-2010-1786,8/5/2010,7/30/2010,6
cve-2010-1818,8/31/2010,8/31/2010,0
cve-2014-2819,8/7/2014,8/12/2014,-5
cve-2014-9265,12/4/2014,12/8/2014,-4
cve-2010-1903,8/11/2010,8/11/2010,0
cve-2016-6938,11/4/2016,9/16/2016,49
cve-2016-6964,10/11/2016,10/13/2016,-2
cve-2016-6944,10/11/2016,10/13/2016,-2
cve-2014-3459,5/19/2014,8/7/2014,-80
cve-2016-6979,10/11/2016,10/13/2016,-2
cve-2010-1964,6/16/2010,6/17/2010,-1
cve-2009-0993,4/14/2009,4/15/2009,-1
cve-2009-1130,5/12/2009,5/12/2009,0
cve-2014-4060,8/12/2014,8/12/2014,0
cve-2009-2503,10/13/2009,10/14/2009,-1
cve-2014-5158,8/1/2014,8/21/2014,-20
cve-2009-0376,1/21/2010,2/8/2009,347
cve-2015-2097,2/27/2015,3/9/2015,-10
cve-2009-0951,6/2/2009,6/2/2009,0
cve-2009-3127,11/10/2009,11/11/2009,-1
cve-2014-6376,12/9/2014,12/10/2014,-1
cve-2015-2120,5/26/2015,5/25/2015,1
cve-2009-1698,6/8/2009,6/10/2009,-2
cve-2009-3848,12/9/2009,12/10/2009,-1
cve-2009-3871,11/4/2009,11/5/2009,-1
cve-2014-8420,11/21/2014,11/25/2014,-4
cve-2014-8425,11/25/2014,11/28/2014,-3
cve-2010-2874,8/24/2010,9/7/2010,-14
cve-2009-3988,2/19/2010,2/21/2010,-2
cve-2014-9372,12/11/2014,12/16/2014,-5
cve-2014-8513,1/7/2015,12/27/2014,11
cve-2013-6207,4/3/2014,3/10/2014,24
cve-2014-2809,7/9/2014,7/8/2014,1
cve-2010-3566,10/12/2010,10/19/2010,-7
cve-2010-3594,1/18/2011,1/19/2011,-1
cve-2015-5420,8/24/2015,8/24/2015,0
cve-2010-3632,10/6/2010,10/6/2010,0
cve-2010-3788,11/10/2010,11/16/2010,-6
cve-2014-2638,10/14/2014,10/9/2014,5
cve-2009-2754,3/1/2010,3/5/2010,-4
cve-2015-0443,3/13/2015,7/16/2015,-125
cve-2010-4090,10/29/2010,10/29/2010,0
cve-2010-4227,2/18/2011,2/25/2011,-7
cve-2010-4384,12/10/2010,12/14/2010,-4
cve-2010-4392,12/10/2010,12/14/2010,-4
cve-2010-4395,12/10/2010,12/14/2010,-4
cve-2010-4396,12/10/2010,12/14/2010,-4
cve-2010-4397,12/10/2010,12/14/2010,-4
cve-2015-5106,7/29/2015,7/15/2015,14
cve-2015-1496,2/10/2015,2/16/2015,-6
cve-2015-1498,2/10/2015,2/16/2015,-6
cve-2010-4449,1/18/2011,1/19/2011,-1
cve-2010-4462,2/15/2011,2/17/2011,-2
cve-2015-6149,12/8/2015,12/9/2015,-1
cve-2015-8647,12/29/2015,12/28/2015,1
cve-2011-0252,8/9/2011,8/3/2011,6
cve-2015-2557,10/13/2015,10/13/2015,0
cve-2011-3157,11/7/2011,10/19/2011,19
cve-2015-3066,5/12/2015,5/13/2015,-1
cve-2015-3435,4/29/2015,5/1/2015,-2
cve-2015-3680,7/1/2015,7/2/2015,-1
cve-2015-3072,5/12/2015,5/13/2015,-1
cve-2015-7619,10/13/2015,10/14/2015,-1
cve-2015-7860,7/20/2015,10/19/2015,-91
cve-2011-4256,11/28/2011,11/24/2011,4
cve-2015-6076,11/10/2015,11/11/2015,-1
cve-2015-8445,12/8/2015,12/9/2015,-1
cve-2015-7656,11/10/2015,11/11/2015,-1
cve-2015-7629,10/13/2015,10/14/2015,-1
cve-2015-7631,10/13/2015,10/14/2015,-1
cve-2013-0912,5/10/2013,3/11/2013,60
cve-2015-7651,11/10/2015,11/11/2015,-1
cve-2015-7632,10/13/2015,10/14/2015,-1
cve-2015-7659,11/10/2015,11/11/2015,-1
cve-2015-7654,11/10/2015,11/11/2015,-1
cve-2013-0593,5/29/2013,4/26/2013,33
cve-2013-0753,2/1/2013,1/13/2013,19
cve-2015-8448,12/8/2015,12/9/2015,-1
cve-2015-8650,12/29/2015,12/28/2015,1
cve-2013-0986,6/11/2013,5/24/2013,18
cve-2013-1020,6/11/2013,5/24/2013,18
cve-2013-1022,6/11/2013,5/24/2013,18
cve-2013-1084,11/24/2013,11/2/2013,22
cve-2013-1296,5/10/2013,4/9/2013,31
cve-2015-8442,12/8/2015,12/9/2015,-1
cve-2013-1338,5/29/2013,5/1/2013,28
cve-2015-8649,12/29/2015,12/28/2015,1
cve-2013-1479,2/11/2013,2/1/2013,10
cve-2013-1492,11/24/2013,3/28/2013,241
cve-2013-1493,6/27/2013,3/4/2013,115
cve-2015-0037,2/10/2015,2/10/2015,0
cve-2015-1500,2/10/2015,2/16/2015,-6
cve-2015-0044,2/10/2015,2/10/2015,0
cve-2015-3073,5/12/2015,5/13/2015,-1
cve-2014-7891,3/12/2015,3/9/2015,3
cve-2011-4147,3/23/2011,6/27/2013,-827
cve-2013-2325,6/11/2013,6/6/2013,5
cve-2013-2327,6/11/2013,6/6/2013,5
cve-2013-2328,6/11/2013,6/6/2013,5
cve-2013-2350,1/10/2014,1/3/2014,7
cve-2013-2369,8/13/2013,7/26/2013,18
cve-2013-2465,6/27/2013,6/18/2013,9
cve-2015-0036,2/10/2015,2/10/2015,0
cve-2015-0077,3/10/2015,3/11/2015,-1
cve-2015-0135,4/15/2015,4/21/2015,-6
cve-2015-0134,4/6/2015,4/5/2015,1
cve-2013-2826,2/5/2014,1/15/2014,21
cve-2013-3027,9/11/2013,8/9/2013,33
cve-2013-3123,6/27/2013,6/11/2013,16
cve-2013-3125,6/27/2013,6/11/2013,16
cve-2013-3126,6/27/2013,6/11/2013,16
cve-2013-3146,7/26/2013,7/9/2013,17
cve-2013-3147,7/26/2013,7/9/2013,17
cve-2013-3148,7/26/2013,7/9/2013,17
cve-2013-3149,7/26/2013,7/9/2013,17
cve-2013-3151,7/26/2013,7/9/2013,17
cve-2013-3152,7/26/2013,7/9/2013,17
cve-2013-3193,8/13/2013,8/14/2013,-1
cve-2013-6749,2/13/2014,1/28/2014,16
cve-2013-3207,9/11/2013,9/11/2013,0
cve-2014-1251,4/3/2014,2/26/2014,36
cve-2014-1769,7/9/2014,6/10/2014,29
cve-2014-2818,8/12/2014,8/12/2014,0
cve-2015-1495,2/10/2015,2/16/2015,-6
cve-2014-0506,4/11/2014,3/27/2014,15
cve-2014-1714,4/11/2014,3/16/2014,26
cve-2015-1755,6/11/2015,6/9/2015,2
cve-2015-1925,6/30/2015,6/30/2015,0
cve-2011-4164,6/6/2012,12/29/2011,160
cve-2015-2412,7/14/2015,7/14/2015,0
cve-2015-2367,11/10/2015,7/14/2015,119
cve-2015-2368,7/14/2015,7/14/2015,0
cve-2013-3871,10/8/2013,10/9/2013,-1
cve-2013-3873,10/8/2013,10/9/2013,-1
cve-2015-2486,9/8/2015,9/8/2015,0
cve-2015-2501,9/8/2015,9/8/2015,0
cve-2015-2541,9/8/2015,9/8/2015,0
cve-2013-3910,11/24/2013,11/12/2013,12
cve-2015-2603,7/20/2015,7/16/2015,4
cve-2015-2606,7/20/2015,7/16/2015,4
cve-2015-3067,5/12/2015,5/13/2015,-1
cve-2014-0456,4/23/2014,4/15/2014,8
cve-2014-0512,5/19/2014,3/27/2014,53
cve-2015-3069,5/12/2015,5/13/2015,-1
cve-2015-3723,7/1/2015,7/2/2015,-1
cve-2015-4031,5/22/2015,5/29/2015,-7
cve-2014-0768,4/24/2014,4/11/2014,13
cve-2013-4822,10/16/2013,10/13/2013,3
cve-2015-4435,7/14/2015,7/15/2015,-1
cve-2014-1318,5/2/2014,4/23/2014,9
cve-2015-5100,7/14/2015,7/15/2015,-1
cve-2015-7660,11/10/2015,11/11/2015,-1
cve-2015-7830,12/8/2015,11/14/2015,24
cve-2015-5570,9/21/2015,9/22/2015,-1
cve-2015-5111,7/14/2015,7/15/2015,-1
cve-2015-5101,7/14/2015,7/15/2015,-1
cve-2015-8437,12/8/2015,12/9/2015,-1
cve-2013-5397,12/20/2013,12/18/2013,2
cve-2015-7655,11/10/2015,11/11/2015,-1
cve-2015-2846,4/3/2015,4/13/2015,-10
cve-2015-0307,1/21/2015,1/13/2015,8
cve-2015-6699,10/13/2015,10/14/2015,-1
cve-2015-7614,10/13/2015,10/14/2015,-1
cve-2015-8416,6/3/2016,12/9/2015,177
cve-2015-6696,11/16/2015,10/14/2015,33
cve-2015-5421,8/24/2015,8/24/2015,0
cve-2015-5474,7/20/2015,8/13/2015,-24
cve-2015-5690,9/16/2015,9/20/2015,-4
cve-2015-5693,9/16/2015,9/20/2015,-4
cve-2014-2210,4/17/2014,4/4/2014,13
cve-2015-6707,10/13/2015,10/14/2015,-1
cve-2015-7650,11/2/2015,11/3/2015,-1
cve-2015-5102,7/14/2015,7/15/2015,-1
cve-2015-3664,7/1/2015,7/2/2015,-1
cve-2014-5506,9/3/2014,9/4/2014,-1
cve-2014-2631,8/12/2014,8/11/2014,1
cve-2015-6038,11/10/2015,11/11/2015,-1
cve-2015-6042,10/13/2015,10/13/2015,0
cve-2015-6045,10/13/2015,11/12/2015,-30
cve-2013-5830,10/16/2013,10/16/2013,0
cve-2014-3802,5/14/2014,5/20/2014,-6
cve-2015-2061,2/27/2015,3/9/2015,-10
cve-2015-3665,7/1/2015,7/2/2015,-1
cve-2014-5501,10/1/2014,10/7/2014,-6
cve-2015-1652,4/15/2015,4/14/2015,1
cve-2014-6434,10/2/2014,10/7/2014,-5
cve-2015-6678,9/21/2015,9/22/2015,-1
cve-2015-6690,10/13/2015,10/14/2015,-1
cve-2015-6693,10/13/2015,10/14/2015,-1
cve-2015-6700,10/13/2015,10/14/2015,-1
cve-2015-6715,10/13/2015,10/14/2015,-1
cve-2015-6720,10/13/2015,10/14/2015,-1
cve-2013-6194,1/10/2014,1/3/2014,7
cve-2015-6722,10/13/2015,10/14/2015,-1
cve-2014-0507,4/8/2014,4/8/2014,0
cve-2015-6946,9/2/2015,9/15/2015,-13
cve-2015-6867,11/2/2015,11/3/2015,-1
cve-2014-1511,4/11/2014,3/19/2014,23
cve-2014-1513,4/11/2014,3/19/2014,23
cve-2015-7036,11/18/2015,11/21/2015,-3
cve-2013-6724,4/3/2014,2/1/2014,61
cve-2016-4638,12/15/2016,7/21/2016,147
cve-2013-6771,4/3/2014,8/7/2014,-126
cve-2013-6810,12/18/2013,12/12/2013,6
cve-2015-8843,12/15/2015,4/13/2016,-120
cve-2015-8458,12/14/2015,12/21/2015,-7
cve-2015-5424,8/24/2015,8/24/2015,0
cve-2015-0040,2/10/2015,2/10/2015,0
cve-2012-0159,8/3/2012,5/8/2012,87
cve-2012-0162,8/3/2012,5/8/2012,87
cve-2012-0183,11/15/2012,5/8/2012,191
cve-2015-5086,7/14/2015,7/15/2015,-1
cve-2015-0017,2/10/2015,2/10/2015,0
cve-2015-0538,5/7/2015,5/6/2015,1
cve-2015-1680,5/12/2015,5/13/2015,-1
cve-2014-4484,1/27/2015,1/30/2015,-3
cve-2015-6710,10/13/2015,10/14/2015,-1
cve-2015-5371,6/30/2015,7/6/2015,-6
cve-2015-1140,4/8/2015,4/10/2015,-2
cve-2015-1230,3/12/2015,3/8/2015,4
cve-2015-5416,8/24/2015,8/24/2015,0
cve-2015-1682,5/12/2015,5/13/2015,-1
cve-2015-1923,6/30/2015,6/30/2015,0
cve-2014-8840,1/27/2015,1/30/2015,-3
cve-2015-6051,11/10/2015,10/13/2015,28
cve-2015-6480,9/29/2015,12/21/2015,-83
cve-2015-6055,10/13/2015,10/13/2015,0
cve-2015-2448,8/11/2015,8/14/2015,-3
cve-2012-0592,4/18/2012,3/8/2012,41
cve-2015-3690,7/1/2015,7/2/2015,-1
cve-2012-0659,6/6/2012,5/10/2012,27
cve-2012-0664,6/27/2012,5/15/2012,43
cve-2015-3724,7/1/2015,7/2/2015,-1
cve-2015-6688,10/13/2015,10/14/2015,-1
cve-2015-6703,10/13/2015,10/14/2015,-1
cve-2012-0665,6/6/2012,5/15/2012,22
cve-2015-7643,10/13/2015,10/14/2015,-1
cve-2015-7653,11/10/2015,11/11/2015,-1
cve-2015-8453,12/8/2015,12/9/2015,-1
cve-2015-5423,8/24/2015,8/24/2015,0
cve-2015-7617,10/13/2015,10/14/2015,-1
cve-2015-7618,10/13/2015,10/14/2015,-1
cve-2012-0924,3/22/2012,2/8/2012,43
cve-2015-8039,10/13/2015,11/2/2015,-20
cve-2015-8438,12/8/2015,12/9/2015,-1
cve-2015-8439,12/8/2015,12/9/2015,-1
cve-2015-2404,7/14/2015,7/14/2015,0
cve-2015-6724,10/13/2015,10/14/2015,-1
cve-2015-8436,12/8/2015,12/9/2015,-1
cve-2015-1709,5/14/2015,5/13/2015,1
cve-2015-1767,7/14/2015,7/14/2015,0
cve-2015-5093,7/14/2015,7/15/2015,-1
cve-2015-2342,10/2/2015,10/12/2015,-10
cve-2015-0818,4/3/2015,3/23/2015,11
cve-2015-1676,5/12/2015,5/13/2015,-1
cve-2015-2093,2/27/2015,3/9/2015,-10
cve-2012-1879,12/21/2012,6/12/2012,192
cve-2012-1881,12/21/2012,6/12/2012,192
cve-2015-2435,8/11/2015,8/14/2015,-3
cve-2015-2452,8/11/2015,8/14/2015,-3
cve-2015-2489,9/8/2015,9/8/2015,0
cve-2011-1736,4/29/2011,5/7/2011,-8
cve-2015-6136,12/8/2015,12/9/2015,-1
cve-2015-6481,9/29/2015,12/21/2015,-83
cve-2015-6719,10/13/2015,10/14/2015,-1
cve-2014-0195,6/5/2014,6/5/2014,0
cve-2016-0062,2/9/2016,2/10/2016,-1
cve-2016-4512,7/7/2016,7/3/2016,4
cve-2016-0854,2/5/2016,1/14/2016,22
cve-2015-8822,3/2/2016,3/4/2016,-2
cve-2016-1651,4/15/2016,4/18/2016,-3
cve-2016-1854,5/19/2016,5/20/2016,-1
cve-2016-3191,8/17/2016,3/17/2016,153
cve-2016-3246,7/12/2016,7/12/2016,0
cve-2014-1512,4/11/2014,3/19/2014,23
cve-2017-3031,4/11/2017,4/12/2017,-1
cve-2016-3443,6/29/2016,4/21/2016,69
cve-2016-3510,7/21/2016,7/21/2016,0
cve-2016-8207,1/20/2017,1/14/2017,6
cve-2016-6937,11/1/2016,9/16/2016,46
cve-2016-6973,10/11/2016,10/13/2016,-2
cve-2016-4198,7/12/2016,7/12/2016,0
cve-2016-4509,7/7/2016,7/3/2016,4
cve-2016-4768,9/27/2016,9/25/2016,2
cve-2014-4143,11/19/2014,11/11/2014,8
cve-2016-0109,3/8/2016,3/9/2016,-1
cve-2015-8821,3/2/2016,3/4/2016,-2
cve-2016-0092,3/8/2016,3/9/2016,-1
cve-2016-0175,5/10/2016,5/10/2016,0
cve-2016-0196,5/10/2016,5/10/2016,0
cve-2016-0934,1/12/2016,1/13/2016,-1
cve-2016-1043,5/10/2016,5/11/2016,-1
cve-2016-0939,1/12/2016,1/13/2016,-1
cve-2016-0973,2/9/2016,2/10/2016,-1
cve-2016-1009,3/8/2016,3/9/2016,-1
cve-2015-6701,10/13/2015,10/14/2015,-1
cve-2016-1015,4/8/2016,4/8/2016,0
cve-2016-1059,5/10/2016,5/11/2016,-1
cve-2016-1628,2/18/2016,2/20/2016,-2
cve-2016-1775,3/22/2016,3/23/2016,-1
cve-2016-2006,4/27/2016,4/21/2016,6
cve-2016-3088,5/24/2016,6/1/2016,-8
cve-2016-4633,7/20/2016,7/21/2016,-1
cve-2016-4196,7/12/2016,7/12/2016,0
cve-2015-1745,6/11/2015,6/9/2015,2
cve-2016-4640,7/20/2016,7/21/2016,-1
cve-2016-4351,4/28/2016,5/5/2016,-7
cve-2015-5108,7/14/2015,7/15/2015,-1
cve-2016-4276,9/16/2016,9/14/2016,2
cve-2016-4653,7/20/2016,7/21/2016,-1
cve-2016-4697,9/20/2016,9/25/2016,-5
cve-2015-0046,2/10/2015,2/10/2015,0
cve-2015-2376,7/14/2015,7/14/2015,0
cve-2015-7820,11/10/2015,11/11/2015,-1
cve-2015-1101,4/8/2015,4/10/2015,-2
cve-2015-4067,5/26/2015,5/29/2015,-3
cve-2015-2408,10/7/2015,7/14/2015,85
cve-2015-2371,7/14/2015,7/14/2015,0
cve-2015-2117,4/22/2015,4/26/2015,-4
cve-2015-4033,6/24/2015,7/6/2015,-12
cve-2015-4745,7/20/2015,7/16/2015,4
cve-2015-3060,5/12/2015,5/13/2015,-1
cve-2014-7889,3/12/2015,3/9/2015,3
cve-2016-0193,5/10/2016,5/10/2016,0
cve-2015-1903,5/12/2015,5/20/2015,-8
cve-2015-5418,8/24/2015,8/24/2015,0
cve-2015-7620,10/13/2015,10/14/2015,-1
cve-2015-6725,10/13/2015,10/14/2015,-1
cve-2015-3071,5/12/2015,5/13/2015,-1
cve-2016-7865,11/8/2016,11/8/2016,0
cve-2016-0476,1/25/2016,1/20/2016,5
cve-2016-1058,5/10/2016,5/11/2016,-1
cve-2016-1075,5/10/2016,5/11/2016,-1
cve-2012-5206,4/9/2013,3/9/2013,31
cve-2012-5219,5/29/2013,4/27/2013,32
cve-2014-7895,3/12/2015,3/9/2015,3
cve-2015-6147,12/8/2015,12/9/2015,-1
cve-2015-0349,4/15/2015,4/14/2015,1
cve-2015-1678,5/12/2015,5/13/2015,-1
cve-2015-3662,7/1/2015,7/2/2015,-1
cve-2015-0986,8/13/2015,5/26/2015,79
cve-2016-6952,10/11/2016,10/13/2016,-2
cve-2016-6969,10/11/2016,10/13/2016,-2
cve-2016-6978,10/11/2016,10/13/2016,-2
cve-2011-0055,3/2/2011,3/2/2011,0
cve-2011-0083,6/21/2011,6/30/2011,-9
cve-2011-0085,6/21/2011,6/30/2011,-9
cve-2011-0149,3/2/2011,3/3/2011,-1
cve-2011-0254,7/27/2011,7/21/2011,6
cve-2011-0255,7/27/2011,7/21/2011,6
cve-2011-0270,1/10/2011,1/13/2011,-3
cve-2011-0272,1/12/2011,1/18/2011,-6
cve-2015-1499,2/10/2015,2/16/2015,-6
cve-2015-1929,6/30/2015,6/30/2015,0
cve-2011-0547,8/16/2011,8/19/2011,-3
cve-2011-0595,2/8/2011,2/10/2011,-2
cve-2016-0851,2/5/2016,1/14/2016,22
cve-2011-0917,2/7/2011,2/8/2011,-1
cve-2011-0921,2/7/2011,2/8/2011,-1
cve-2011-0924,2/7/2011,2/8/2011,-1
cve-2011-0978,2/7/2011,2/10/2011,-3
cve-2014-5160,7/23/2014,8/1/2014,-9
cve-2014-9373,12/11/2014,12/16/2014,-5
cve-2015-2450,8/11/2015,8/14/2015,-3
cve-2015-6168,12/8/2015,12/9/2015,-1
cve-2011-1703,6/6/2011,6/9/2011,-3
cve-2011-1707,6/6/2011,6/9/2011,-3
cve-2011-1731,4/29/2011,5/7/2011,-8
cve-2011-1963,8/9/2011,8/10/2011,-1
cve-2011-1999,10/15/2011,10/11/2011,4
cve-2011-2095,6/14/2011,6/16/2011,-2
cve-2011-2220,6/27/2011,7/14/2011,-17
cve-2011-2363,6/21/2011,6/30/2011,-9
cve-2011-2658,11/7/2011,7/26/2012,-262
cve-2011-2948,8/16/2011,8/18/2011,-2
cve-2011-3161,11/7/2011,10/19/2011,19
cve-2011-3173,10/26/2011,11/29/2011,-34
cve-2011-3222,10/18/2011,10/14/2011,4
cve-2011-3413,12/13/2011,12/13/2011,0
cve-2012-2176,8/3/2012,5/25/2012,70
cve-2011-4163,6/6/2012,12/29/2011,160
cve-2011-4165,6/21/2012,12/29/2011,175
cve-2011-4257,3/20/2012,11/24/2011,117
cve-2011-4788,1/12/2012,1/12/2012,0
cve-2014-0607,7/30/2014,7/24/2014,6
cve-2014-0773,5/19/2014,4/11/2014,38
cve-2010-0138,1/21/2010,1/21/2010,0
cve-2014-8270,12/9/2014,12/12/2014,-3
cve-2010-0479,4/13/2010,4/14/2010,-1
cve-2010-0526,4/2/2010,3/30/2010,3
cve-2010-0620,2/23/2010,2/24/2010,-1
cve-2009-3845,12/9/2009,12/10/2009,-1
cve-2011-1036,2/23/2011,2/25/2011,-2
cve-2014-0325,4/10/2014,7/3/2014,-84
cve-2010-0843,4/5/2010,4/1/2010,4
cve-2014-1567,9/3/2014,9/3/2014,0
cve-2010-1199,6/23/2010,6/23/2010,0
cve-2010-1223,4/6/2010,4/7/2010,-1
cve-2010-1549,5/6/2010,5/7/2010,-1
cve-2010-1787,8/11/2010,7/30/2010,12
cve-2010-1824,3/2/2011,9/24/2010,159
cve-2010-1843,11/10/2010,11/16/2010,-6
cve-2010-1882,8/10/2010,8/11/2010,-1
cve-2010-2872,8/24/2010,8/26/2010,-2
cve-2010-2873,8/24/2010,8/26/2010,-2
cve-2010-2999,12/10/2010,12/14/2010,-4
cve-2010-3000,8/26/2010,8/30/2010,-4
cve-2010-3008,9/13/2010,9/13/2010,0
cve-2010-3183,10/19/2010,10/21/2010,-2
cve-2010-3345,12/14/2010,12/16/2010,-2
cve-2010-3571,10/12/2010,10/19/2010,-7
cve-2010-3621,10/6/2010,10/6/2010,0
cve-2010-3749,10/15/2010,10/18/2010,-3
cve-2010-3789,11/10/2010,11/16/2010,-6
cve-2010-3794,11/10/2010,11/16/2010,-6
cve-2010-3801,12/7/2010,12/9/2010,-2
cve-2010-3964,12/14/2010,12/16/2010,-2
cve-2010-3984,12/9/2010,1/7/2011,-29
cve-2010-4466,2/15/2011,2/17/2011,-2
cve-2013-0094,3/22/2013,3/12/2013,10
cve-2013-0754,3/22/2013,1/13/2013,68
cve-2013-0929,2/14/2013,1/21/2013,24
cve-2013-0946,2/13/2014,5/10/2013,279
cve-2013-1015,6/11/2013,5/24/2013,18
cve-2013-1146,4/9/2013,3/28/2013,12
cve-2013-1306,5/29/2013,5/14/2013,15
cve-2013-1345,7/26/2013,7/9/2013,17
cve-2013-1480,2/11/2013,2/1/2013,10
cve-2013-1484,3/22/2013,2/20/2013,30
cve-2013-1516,5/29/2013,4/17/2013,42
cve-2013-1559,5/29/2013,4/17/2013,42
cve-2013-2343,7/26/2013,7/2/2013,24
cve-2013-2383,5/10/2013,4/17/2013,23
cve-2013-2463,6/27/2013,6/18/2013,9
cve-2013-2556,8/13/2013,3/11/2013,155
cve-2013-3202,9/11/2013,9/11/2013,0
cve-2013-3209,9/11/2013,9/11/2013,0
cve-2013-3751,8/13/2013,7/17/2013,27
cve-2013-3828,10/16/2013,10/16/2013,0
cve-2013-3872,10/8/2013,10/9/2013,-1
cve-2013-5049,12/15/2013,12/10/2013,5
cve-2013-5228,12/20/2013,12/18/2013,2
cve-2013-5330,12/15/2013,11/12/2013,33
cve-2013-6195,1/10/2014,1/3/2014,7
cve-2013-6210,4/8/2014,3/16/2014,23
cve-2012-0150,2/22/2012,2/14/2012,8
cve-2012-0229,8/3/2012,3/15/2012,141
cve-2012-0411,8/13/2013,12/24/2012,232
cve-2012-0498,4/9/2012,2/15/2012,54
cve-2012-0661,8/3/2012,5/10/2012,85
cve-2012-0927,3/22/2012,2/8/2012,43
cve-2012-1721,12/21/2012,6/16/2012,188
cve-2012-1855,8/17/2012,6/12/2012,66
cve-2012-2054,12/21/2012,4/4/2012,261
cve-2012-3811,6/28/2012,7/3/2012,-5
cve-2012-4607,2/11/2013,1/17/2013,25
cve-2012-5208,4/9/2013,3/9/2013,31
cve-2012-5209,4/9/2013,3/9/2013,31
cve-2011-0026,1/11/2011,1/11/2011,0
cve-2011-0256,8/16/2011,8/15/2011,1
cve-2011-0340,8/22/2012,5/4/2011,476
cve-2011-0912,2/7/2011,2/8/2011,-1
cve-2011-0916,2/7/2011,2/8/2011,-1
cve-2011-0919,2/7/2011,2/8/2011,-1
cve-2011-0923,2/7/2011,2/8/2011,-1
cve-2011-0977,2/7/2011,2/10/2011,-3
cve-2011-1256,6/14/2011,6/16/2011,-2
cve-2011-1391,2/8/2012,12/23/2011,47
cve-2011-1729,4/29/2011,5/7/2011,-8
cve-2011-1732,4/29/2011,5/7/2011,-8
cve-2011-1848,5/10/2011,5/13/2011,-3
cve-2011-2000,10/15/2011,10/11/2011,4
cve-2011-2113,6/14/2011,6/16/2011,-2
cve-2011-2120,6/14/2011,6/16/2011,-2
cve-2011-2138,8/12/2011,8/10/2011,2
cve-2011-2404,8/16/2011,8/11/2011,5
cve-2011-3071,12/21/2012,4/5/2012,260
cve-2011-3165,12/13/2011,11/2/2011,41
cve-2011-3247,10/27/2011,10/27/2011,0
cve-2011-3250,1/5/2012,10/27/2011,70
cve-2011-3521,10/26/2011,10/19/2011,7
cve-2011-3544,10/26/2011,10/19/2011,7
cve-2011-3928,4/9/2012,1/23/2012,77
cve-2011-4259,11/28/2011,11/24/2011,4
cve-2011-4787,1/12/2012,1/12/2012,0
cve-2010-0114,12/15/2010,12/21/2010,-6
cve-2010-0115,1/12/2011,1/14/2011,-2
cve-2010-0175,4/2/2010,4/5/2010,-3
cve-2010-0246,1/21/2010,1/22/2010,-1
cve-2010-0517,4/2/2010,3/30/2010,3
cve-2010-0841,4/5/2010,4/1/2010,4
cve-2010-1281,5/11/2010,5/13/2010,-2
cve-2010-1283,5/11/2010,5/13/2010,-2
cve-2010-1404,6/8/2010,6/11/2010,-3
cve-2010-1550,5/11/2010,5/13/2010,-2
cve-2010-1784,8/9/2010,7/30/2010,10
cve-2010-2160,6/25/2010,6/15/2010,10
cve-2010-2871,8/24/2010,8/26/2010,-2
cve-2009-3844,12/8/2009,12/8/2009,0
cve-2010-3168,9/13/2010,9/9/2010,4
cve-2010-3790,2/1/2011,11/16/2010,77
cve-2010-3791,11/10/2010,11/16/2010,-6
cve-2010-4190,2/8/2011,2/10/2011,-2
cve-2010-4327,2/7/2011,2/10/2011,-3
cve-2010-4378,12/10/2010,12/14/2010,-4
cve-2010-0519,4/2/2010,3/30/2010,3
cve-2010-0907,7/13/2010,7/13/2010,0
cve-2013-0029,2/14/2013,2/13/2013,1
cve-2013-0088,3/22/2013,3/12/2013,10
cve-2013-0402,5/10/2013,3/8/2013,63
cve-2013-0418,2/1/2013,1/16/2013,16
cve-2013-0787,5/29/2013,3/11/2013,79
cve-2013-1016,6/11/2013,5/24/2013,18
cve-2013-1017,5/30/2013,5/24/2013,6
cve-2013-1018,6/11/2013,5/24/2013,18
cve-2013-1019,6/11/2013,5/24/2013,18
cve-2013-1079,3/22/2013,3/29/2013,-7
cve-2013-1081,5/29/2013,3/11/2013,79
cve-2013-1491,5/10/2013,3/8/2013,63
cve-2013-2428,5/10/2013,4/17/2013,23
cve-2013-2472,6/27/2013,6/18/2013,9
cve-2013-2555,9/18/2015,3/11/2013,921
cve-2013-3120,6/27/2013,6/11/2013,16
cve-2013-3121,6/27/2013,6/11/2013,16
cve-2013-3124,6/27/2013,6/11/2013,16
cve-2013-3150,7/26/2013,7/9/2013,17
cve-2013-3187,5/30/2013,8/14/2013,-76
cve-2013-3206,9/11/2013,9/11/2013,0
cve-2013-3846,9/11/2013,12/28/2013,-108
cve-2013-4811,9/11/2013,9/13/2013,-2
cve-2013-4824,10/16/2013,10/13/2013,3
cve-2013-4839,11/24/2013,11/4/2013,20
cve-2013-5783,10/16/2013,10/16/2013,0
cve-2013-5817,10/16/2013,10/16/2013,0
cve-2013-5829,10/16/2013,10/16/2013,0
cve-2013-6204,4/3/2014,2/26/2014,36
cve-2013-6748,4/17/2014,1/28/2014,79
cve-2012-0198,3/1/2012,3/5/2012,-4
cve-2012-0444,4/9/2012,2/1/2012,68
cve-2012-0666,7/12/2012,5/15/2012,58
cve-2012-1713,8/17/2012,6/16/2012,62
cve-2012-2289,8/29/2012,8/25/2012,4
cve-2012-2543,11/15/2012,11/13/2012,2
cve-2012-4969,12/21/2012,9/18/2012,94
cve-2012-5203,3/22/2013,3/9/2013,13
cve-2012-5947,5/29/2013,4/29/2013,30
cve-2011-0027,1/11/2011,1/11/2011,0
cve-2011-0073,5/9/2011,5/7/2011,2
cve-2011-0233,7/27/2011,7/21/2011,6
cve-2013-1481,2/11/2013,2/1/2013,10
cve-2011-0590,2/8/2011,2/10/2011,-2
cve-2011-0606,2/8/2011,2/10/2011,-2
cve-2011-0655,4/12/2011,4/13/2011,-1
cve-2011-0656,4/12/2011,4/13/2011,-1
cve-2011-0802,6/14/2011,6/14/2011,0
cve-2011-0863,6/8/2011,6/14/2011,-6
cve-2013-4809,9/11/2013,9/13/2013,-2
cve-2011-1167,3/21/2011,3/28/2011,-7
cve-2011-1290,4/14/2011,3/11/2011,34
cve-2011-1344,4/14/2011,3/10/2011,35
cve-2011-1392,2/8/2012,12/23/2011,47
cve-2011-1655,4/13/2011,4/15/2011,-2
cve-2011-1728,4/29/2011,5/7/2011,-8
cve-2011-1735,4/29/2011,5/7/2011,-8
cve-2011-1852,5/10/2011,5/13/2011,-3
cve-2011-1996,10/15/2011,10/11/2011,4
cve-2011-2109,6/14/2011,6/16/2011,-2
cve-2011-2112,6/14/2011,6/16/2011,-2
cve-2011-2140,8/23/2011,8/10/2011,13
cve-2011-2441,10/13/2011,9/15/2011,28
cve-2011-2667,7/20/2011,7/28/2011,-8
cve-2011-3249,10/27/2011,10/27/2011,0
cve-2011-3319,12/7/2011,10/27/2011,41
cve-2011-3478,1/25/2012,1/25/2012,0
cve-2011-3545,10/26/2011,10/19/2011,7
cve-2011-3658,4/9/2012,12/20/2011,111
cve-2011-3659,6/28/2012,2/1/2012,148
cve-2011-4051,11/16/2011,12/5/2011,-19
cve-2011-4194,2/8/2012,2/1/2012,7
cve-2011-4258,11/28/2011,11/24/2011,4
cve-2011-4260,12/7/2011,11/24/2011,13
cve-2010-0027,2/9/2010,1/22/2010,18
cve-2010-0062,4/2/2010,3/30/2010,3
cve-2010-0094,4/5/2010,4/1/2010,4
cve-2010-0111,1/27/2011,1/31/2011,-4
cve-2010-0160,4/2/2010,2/21/2010,40
cve-2010-0515,11/9/2010,3/30/2010,224
cve-2010-0666,3/2/2010,2/19/2010,11
cve-2010-0897,4/13/2010,4/13/2010,0
cve-2010-1209,7/20/2010,7/30/2010,-10
cve-2010-1900,8/11/2010,8/11/2010,0
cve-2010-1960,6/8/2010,6/9/2010,-1
cve-2010-2171,6/16/2010,6/15/2010,1
cve-2010-2202,6/30/2010,6/30/2010,0
cve-2010-2573,11/9/2010,11/9/2010,0
cve-2013-3142,6/27/2013,6/11/2013,16
cve-2010-2996,8/26/2010,8/30/2010,-4
cve-2010-2998,10/15/2010,10/18/2010,-3
cve-2010-3007,9/13/2010,9/9/2010,4
cve-2010-3346,12/14/2010,12/16/2010,-2
cve-2010-3555,10/12/2010,10/19/2010,-7
cve-2010-3563,10/12/2010,10/19/2010,-7
cve-2010-3750,10/15/2010,10/18/2010,-3
cve-2010-4192,2/8/2011,2/10/2011,-2
cve-2010-4321,12/23/2010,12/30/2010,-7
cve-2010-4328,2/16/2011,2/18/2011,-2
cve-2010-4351,1/18/2011,1/20/2011,-2
cve-2010-4377,12/10/2010,12/14/2010,-4
cve-2010-4391,12/10/2010,12/14/2010,-4
cve-2010-4394,12/10/2010,12/14/2010,-4
cve-2014-2415,4/21/2014,4/15/2014,6
cve-2014-0313,4/3/2014,3/11/2014,23
cve-2014-5210,8/14/2014,8/21/2014,-7
cve-2015-1736,6/11/2015,6/9/2015,2
cve-2015-6151,12/8/2015,12/9/2015,-1
cve-2015-2604,7/20/2015,7/16/2015,4
cve-2015-3074,5/12/2015,5/13/2015,-1
cve-2015-1000,4/8/2015,6/5/2015,-58
cve-2015-4647,6/24/2015,7/6/2015,-12
cve-2016-1804,5/26/2016,5/20/2016,6
cve-2016-1078,5/10/2016,5/11/2016,-1
cve-2016-3289,8/9/2016,8/9/2016,0
cve-2016-5792,8/10/2016,8/7/2016,3
cve-2013-2332,6/11/2013,6/6/2013,5
cve-2012-1888,8/17/2012,8/14/2012,3
cve-2016-3598,7/21/2016,7/21/2016,0
cve-2010-4388,12/10/2010,12/14/2010,-4
cve-2011-1867,7/1/2011,7/11/2011,-10
cve-2009-0002,1/21/2009,1/21/2009,0
cve-2013-0756,3/22/2013,1/13/2013,68
cve-2013-2434,5/10/2013,4/17/2013,23
cve-2013-3874,10/8/2013,10/9/2013,-1
cve-2014-4098,9/16/2014,9/9/2014,7
cve-2015-3666,7/1/2015,7/2/2015,-1
cve-2015-6086,11/10/2015,11/11/2015,-1
cve-2016-0226,3/22/2016,3/28/2016,-6
cve-2016-0072,2/9/2016,2/10/2016,-1
cve-2016-1034,4/12/2016,4/12/2016,0
cve-2010-0904,7/13/2010,7/13/2010,0
cve-2010-3751,10/15/2010,10/18/2010,-3
cve-2010-1806,9/13/2010,9/10/2010,3
cve-2010-4113,12/16/2010,12/22/2010,-6
cve-2010-4235,4/1/2011,4/1/2011,0
cve-2011-0647,2/7/2011,2/10/2011,-3
cve-2011-0862,6/8/2011,6/14/2011,-6
cve-2014-1514,4/11/2014,3/19/2014,23
cve-2014-3460,5/19/2014,5/20/2014,-1
cve-2014-4096,9/16/2014,9/9/2014,7
cve-2014-2761,7/9/2014,6/10/2014,29
cve-2014-7868,4/15/2015,12/4/2014,132
cve-2014-7912,3/12/2015,7/29/2015,-139
cve-2015-7905,12/2/2015,11/12/2015,20
cve-2014-9188,1/7/2015,12/27/2014,11
cve-2015-0041,2/10/2015,2/10/2015,0
cve-2015-3661,7/1/2015,7/2/2015,-1
cve-2014-0766,4/10/2014,4/11/2014,-1
cve-2014-2792,7/9/2014,7/8/2014,1
cve-2016-4499,5/11/2016,5/11/2016,0
cve-2015-5103,7/14/2015,7/15/2015,-1
cve-2009-1529,6/10/2009,6/10/2009,0
cve-2010-0263,3/9/2010,3/10/2010,-1
cve-2011-0132,3/2/2011,3/3/2011,-1
cve-2011-2438,10/13/2011,9/15/2011,28
cve-2014-4090,9/16/2014,9/9/2014,7
cve-2014-1391,9/22/2014,9/19/2014,3
cve-2015-8446,12/8/2015,12/9/2015,-1
cve-2015-6949,9/2/2015,9/15/2015,-13
cve-2015-6148,12/8/2015,12/9/2015,-1
cve-2016-1000031,10/17/2016,10/25/2016,-8
cve-2015-2555,10/13/2015,10/13/2015,0
cve-2014-8967,12/4/2014,12/15/2014,-11
cve-2016-1041,5/10/2016,5/11/2016,-1
cve-2016-3294,9/16/2016,9/14/2016,2
cve-2014-1649,5/13/2014,5/16/2014,-3
cve-2014-0282,6/11/2014,6/10/2014,1
cve-2016-6941,10/11/2016,10/13/2016,-2
cve-2016-3382,10/11/2016,10/13/2016,-2
cve-2016-6960,10/11/2016,10/13/2016,-2
cve-2012-0297,6/8/2012,5/21/2012,18
cve-2013-3026,9/11/2013,6/16/2013,87
cve-2014-0774,4/3/2014,2/27/2014,35
cve-2014-0787,4/10/2014,4/11/2014,-1
cve-2015-0117,4/6/2015,4/5/2015,1
cve-2016-1038,5/10/2016,5/11/2016,-1
cve-2016-3295,9/16/2016,9/14/2016,2
cve-2017-3053,4/11/2017,4/12/2017,-1
cve-2017-3058,4/11/2017,4/12/2017,-1
cve-2012-0667,6/6/2012,5/15/2012,22
cve-2017-3020,4/11/2017,4/12/2017,-1
cve-2012-5946,5/29/2013,4/29/2013,30
cve-2014-6341,11/19/2014,11/11/2014,8
cve-2013-1091,5/29/2013,5/2/2013,27
cve-2014-5424,11/19/2014,11/13/2014,6
cve-2014-6347,11/19/2014,11/11/2014,8
cve-2014-4130,10/14/2014,10/15/2014,-1
cve-2014-4141,10/14/2014,10/15/2014,-1
cve-2016-1044,5/10/2016,5/11/2016,-1
cve-2017-0047,3/21/2017,3/16/2017,5
cve-2015-2092,2/27/2015,3/9/2015,-10
cve-2014-4065,9/16/2014,9/9/2014,7
cve-2016-0490,1/25/2016,1/20/2016,5
cve-2016-1039,5/10/2016,5/11/2016,-1
cve-2011-2657,11/7/2011,7/26/2012,-262
cve-2016-7202,11/8/2016,11/10/2016,-2
cve-2014-1785,6/11/2014,6/10/2014,1
cve-2015-1497,2/10/2015,2/16/2015,-6
cve-2016-0173,5/10/2016,5/10/2016,0
cve-2009-3867,11/4/2009,11/5/2009,-1
cve-2012-1182,4/18/2012,4/10/2012,8
cve-2010-3552,10/12/2010,10/19/2010,-7
cve-2014-2849,4/8/2014,4/11/2014,-3
cve-2015-7652,11/10/2015,11/11/2015,-1
cve-2014-4092,9/16/2014,9/9/2014,7
cve-2015-6135,12/8/2015,12/9/2015,-1
cve-2016-1018,4/8/2016,4/8/2016,0
cve-2016-1052,5/10/2016,5/11/2016,-1
cve-2016-6946,10/11/2016,10/13/2016,-2
cve-2015-5426,9/1/2015,9/15/2015,-14
cve-2014-9163,12/9/2014,12/10/2014,-1
cve-2015-6141,12/8/2015,12/9/2015,-1
cve-2014-6348,11/19/2014,11/11/2014,8
cve-2016-0931,1/12/2016,1/13/2016,-1
cve-2016-0113,3/8/2016,3/9/2016,-1
cve-2013-3763,8/13/2013,7/17/2013,27
cve-2015-5110,7/29/2015,7/15/2015,14
cve-2015-0092,5/15/2015,3/11/2015,65
cve-2015-0053,2/10/2015,2/10/2015,0
cve-2016-1007,3/8/2016,3/9/2016,-1
cve-2016-1040,5/10/2016,5/11/2016,-1
cve-2011-0267,1/10/2011,1/13/2011,-3
cve-2013-0928,2/14/2013,1/21/2013,24
cve-2012-5204,3/22/2013,3/9/2013,13
cve-2014-0750,2/13/2014,1/25/2014,19
cve-2014-1510,4/11/2014,3/19/2014,23
cve-2012-0439,2/1/2013,2/23/2013,-22
cve-2015-0816,4/3/2015,4/1/2015,2
cve-2009-1430,4/28/2009,4/29/2009,-1
cve-2013-4835,11/24/2013,11/4/2013,20
cve-2014-2624,9/16/2014,9/10/2014,6
cve-2012-5202,3/22/2013,3/9/2013,13
cve-2014-0307,4/3/2014,3/11/2014,23
cve-2014-3914,6/2/2014,8/7/2014,-66
cve-2013-5447,12/15/2013,12/9/2013,6
cve-2013-2347,1/10/2014,1/3/2014,7
cve-2010-0248,1/21/2010,1/22/2010,-1
cve-2011-3167,1/5/2012,11/2/2011,64
cve-2014-3789,5/19/2014,5/22/2014,-3
cve-2009-3869,11/4/2009,11/5/2009,-1
cve-2010-1552,5/11/2010,5/13/2010,-2
cve-2009-0927,3/24/2009,3/19/2009,5
cve-2013-5486,11/24/2013,9/23/2013,62
cve-2009-3129,11/10/2009,11/11/2009,-1
cve-2010-4417,1/18/2011,1/19/2011,-1
cve-2013-4800,7/26/2013,7/26/2013,0
cve-2014-6037,5/13/2015,10/26/2014,199
cve-2013-3205,9/11/2013,9/11/2013,0
cve-2016-3375,1/10/2017,9/14/2016,118
cve-2015-0096,3/11/2015,3/11/2015,0
cve-2011-0276,1/31/2011,2/1/2011,-1
cve-2009-1350,4/6/2009,4/21/2009,-15
cve-2013-0975,6/27/2013,6/5/2013,22
cve-2009-4241,1/21/2010,1/25/2010,-4
cve-2016-3377,9/16/2016,9/14/2016,2
cve-2014-6344,11/19/2014,11/11/2014,8
cve-2014-2351,8/27/2014,5/20/2014,99
cve-2014-3913,6/2/2014,6/4/2014,-2
cve-2014-3804,6/11/2014,6/13/2014,-2
cve-2014-3911,6/4/2014,6/11/2014,-7
cve-2014-2366,7/18/2014,7/18/2014,0
cve-2016-0491,1/25/2016,1/20/2016,5
cve-2016-0185,5/10/2016,5/10/2016,0
cve-2016-1803,5/19/2016,5/20/2016,-1
cve-2014-7866,4/15/2015,12/10/2014,126
cve-2014-8001,12/3/2014,11/25/2014,8
cve-2016-3386,10/11/2016,10/13/2016,-2
cve-2013-2785,7/26/2013,7/31/2013,-5
cve-2014-6034,4/15/2015,12/4/2014,132
cve-2014-1760,4/10/2014,4/8/2014,2
cve-2014-0299,3/20/2014,3/11/2014,9
cve-2014-0321,4/21/2014,3/11/2014,41
cve-2016-0106,3/8/2016,3/9/2016,-1
cve-2010-0110,1/27/2011,1/31/2011,-4
cve-2014-4051,8/12/2014,8/12/2014,0
cve-2011-1990,10/13/2011,9/15/2011,28
cve-2014-2610,6/18/2014,6/19/2014,-1
cve-2014-2772,6/11/2014,6/10/2014,1
cve-2014-2780,7/9/2014,7/8/2014,1
cve-2015-5085,7/14/2015,7/15/2015,-1
cve-2015-5417,8/24/2015,8/24/2015,0
cve-2015-3990,5/15/2015,5/20/2015,-5
cve-2015-3054,5/12/2015,5/13/2015,-1
cve-2016-7854,11/1/2016,10/21/2016,11
cve-2016-0200,6/15/2016,6/15/2016,0
cve-2014-0604,8/12/2014,2/6/2015,-178
cve-2015-3057,5/12/2015,5/13/2015,-1
cve-2016-4065,3/23/2016,4/22/2016,-30
cve-2016-1053,5/10/2016,5/11/2016,-1
cve-2016-1069,5/10/2016,5/11/2016,-1
cve-2016-1645,3/10/2016,3/13/2016,-3
cve-2016-1856,5/19/2016,5/20/2016,-1
cve-2016-3606,7/21/2016,7/21/2016,0
cve-2016-3607,7/21/2016,7/21/2016,0
cve-2016-4191,7/12/2016,7/12/2016,0
cve-2016-7859,11/8/2016,11/8/2016,0
cve-2016-3376,9/16/2016,10/13/2016,-27
cve-2009-3849,12/9/2009,12/10/2009,-1
cve-2016-6963,10/11/2016,10/13/2016,-2
cve-2009-0075,2/10/2009,2/10/2009,0
cve-2016-6986,10/12/2016,10/13/2016,-1
cve-2016-1063,5/10/2016,5/11/2016,-1
cve-2015-8652,3/2/2016,3/4/2016,-2
cve-2016-1046,5/10/2016,5/11/2016,-1
cve-2014-1303,4/11/2014,3/26/2014,16
cve-2014-5211,1/21/2015,1/27/2015,-6
cve-2013-3520,6/27/2013,6/16/2013,11
cve-2016-4641,7/20/2016,7/21/2016,-1
cve-2016-1718,1/22/2016,2/1/2016,-10
cve-2016-3203,6/22/2016,6/15/2016,7
cve-2016-3247,9/16/2016,9/14/2016,2
cve-2016-4222,7/12/2016,7/12/2016,0
cve-2016-4225,7/12/2016,7/12/2016,0
cve-2016-0114,3/8/2016,3/9/2016,-1
cve-2013-0750,2/1/2013,1/13/2013,19
cve-2013-0930,2/14/2013,1/31/2013,14
cve-2013-1082,5/29/2013,3/29/2013,61
cve-2013-1313,2/14/2013,2/13/2013,1
cve-2013-1485,3/22/2013,2/20/2013,30
cve-2013-1569,5/10/2013,4/17/2013,23
cve-2010-0047,3/15/2010,3/12/2010,3
cve-2010-1399,6/8/2010,6/11/2010,-3
cve-2013-2394,5/10/2013,4/17/2013,23
cve-2016-7861,11/8/2016,11/8/2016,0
cve-2013-2448,6/27/2013,6/18/2013,9
cve-2016-4498,5/11/2016,5/11/2016,0
cve-2013-3128,10/11/2013,10/9/2013,2
cve-2009-1429,4/28/2009,4/29/2009,-1
cve-2009-1539,7/14/2009,7/15/2009,-1
cve-2009-1860,6/24/2009,6/24/2009,0
cve-2009-1978,8/18/2009,7/14/2009,35
cve-2013-0988,6/11/2013,5/24/2013,18
cve-2013-2470,6/27/2013,6/18/2013,9
cve-2013-4813,9/11/2013,9/13/2013,-2
cve-2013-4826,10/16/2013,10/13/2013,3
cve-2009-2026,8/7/2009,8/10/2009,-3
cve-2013-0019,2/14/2013,2/13/2013,1
cve-2017-2462,3/28/2017,4/1/2017,-4
cve-2013-5554,12/15/2013,11/7/2013,38
cve-2013-6203,4/3/2014,2/26/2014,36
cve-2009-0775,3/5/2009,3/4/2009,1
cve-2016-0856,2/5/2016,1/14/2016,22
cve-2013-1300,7/26/2013,7/9/2013,17
cve-2017-3248,1/24/2017,1/27/2017,-3
cve-2012-0754,3/22/2012,2/16/2012,35
cve-2017-2974,2/14/2017,2/15/2017,-1
cve-2015-1623,3/10/2015,3/11/2015,-1
cve-2017-2975,2/14/2017,2/15/2017,-1
cve-2012-2494,8/22/2012,6/20/2012,63
cve-2014-0770,4/10/2014,4/11/2014,-1
cve-2009-4246,1/21/2010,1/25/2010,-4
cve-2014-9264,12/9/2014,12/11/2014,-2
cve-2014-4646,6/30/2014,7/7/2014,-7
cve-2014-2364,7/18/2014,7/18/2014,0
cve-2012-2174,8/22/2012,6/20/2012,63
cve-2015-4931,7/30/2015,8/3/2015,-4
cve-2014-2618,7/16/2014,7/15/2014,1
cve-2016-0063,2/10/2016,2/10/2016,0
cve-2012-2020,7/12/2012,7/10/2012,2
cve-2015-7658,11/10/2015,11/11/2015,-1
cve-2015-7616,10/13/2015,10/14/2015,-1
cve-2012-2175,8/3/2012,6/20/2012,44
cve-2014-4099,9/16/2014,9/9/2014,7
cve-2016-3318,8/9/2016,8/9/2016,0
cve-2015-8040,10/13/2015,11/2/2015,-20
cve-2015-7661,11/10/2015,11/11/2015,-1
cve-2014-4097,9/16/2014,9/9/2014,7
cve-2015-4068,5/26/2015,5/29/2015,-3
cve-2013-2345,1/10/2014,1/3/2014,7
cve-2012-5945,5/29/2013,4/29/2013,30
cve-2017-3059,4/11/2017,4/12/2017,-1
cve-2015-3679,7/1/2015,7/2/2015,-1
cve-2017-3063,4/11/2017,4/12/2017,-1
cve-2017-0155,4/11/2017,4/12/2017,-1
cve-2017-3001,3/21/2017,3/14/2017,7
cve-2017-0094,3/21/2017,3/16/2017,5
cve-2017-2432,3/28/2017,4/1/2017,-4
cve-2017-2430,3/28/2017,4/1/2017,-4
cve-2017-0011,3/21/2017,3/16/2017,5
cve-2014-8515,12/9/2014,12/12/2014,-3
cve-2011-0232,7/27/2011,7/21/2011,6
cve-2011-0258,8/31/2011,9/6/2011,-6
cve-2017-0018,3/21/2017,3/16/2017,5
cve-2017-3060,4/11/2017,4/12/2017,-1
cve-2011-0321,5/16/2011,2/1/2011,104
cve-2016-0166,4/12/2016,4/12/2016,0
cve-2016-0191,5/10/2016,5/10/2016,0
cve-2016-0477,1/25/2016,1/20/2016,5
cve-2017-3289,1/24/2017,1/27/2017,-3
cve-2016-0485,1/25/2016,1/20/2016,5
cve-2016-0941,1/12/2016,1/13/2016,-1
cve-2016-0996,3/10/2016,3/12/2016,-2
cve-2016-1005,3/10/2016,3/12/2016,-2
cve-2016-1074,5/10/2016,5/11/2016,-1
cve-2011-0758,2/7/2011,2/10/2011,-3
cve-2009-2496,8/11/2009,8/12/2009,-1
cve-2016-1818,12/15/2016,5/20/2016,209
cve-2011-0913,2/7/2011,2/8/2011,-1
cve-2013-4798,8/13/2013,7/26/2013,18
cve-2011-0979,2/7/2011,2/10/2011,-3
cve-2011-1417,3/22/2011,3/11/2011,11
cve-2017-0032,3/21/2017,3/16/2017,5
cve-2011-1699,6/6/2011,6/9/2011,-3
cve-2011-1853,5/10/2011,5/13/2011,-3
cve-2016-3231,6/22/2016,6/15/2016,7
cve-2016-3309,8/9/2016,8/9/2016,0
cve-2009-3027,12/9/2009,12/11/2009,-2
cve-2017-2970,1/20/2017,1/24/2017,-4
cve-2011-3159,11/7/2011,10/19/2011,19
cve-2011-3160,11/7/2011,10/19/2011,19
cve-2017-2994,2/14/2017,2/15/2017,-1
cve-2017-7184,3/30/2017,3/19/2017,11
cve-2017-2995,2/14/2017,2/15/2017,-1
cve-2011-3458,8/3/2012,2/2/2012,183
cve-2015-4059,5/27/2015,5/29/2015,-2
cve-2016-4395,11/2/2016,10/28/2016,5
cve-2016-4200,7/12/2016,7/12/2016,0
cve-2016-4202,7/12/2016,7/12/2016,0
cve-2016-4267,8/24/2016,8/26/2016,-2
cve-2011-4536,12/22/2011,12/26/2011,-4
cve-2010-0072,1/12/2010,1/12/2010,0
cve-2010-0176,4/2/2010,4/5/2010,-3
cve-2010-0195,4/13/2010,4/14/2010,-1
cve-2010-0520,4/2/2010,3/30/2010,3
cve-2010-0842,4/5/2010,4/1/2010,4
cve-2010-1119,6/8/2010,3/25/2010,75
cve-2010-1253,6/8/2010,6/8/2010,0
cve-2017-0158,4/11/2017,4/12/2017,-1
cve-2017-3021,4/11/2017,4/12/2017,-1
cve-2017-2354,1/24/2017,2/20/2017,-27
cve-2010-1749,6/8/2010,6/11/2010,-3
cve-2016-4064,3/23/2016,4/22/2016,-30
cve-2010-2753,7/20/2010,7/30/2010,-10
cve-2016-5814,9/19/2016,9/18/2016,1
cve-2016-6486,8/17/2016,8/7/2016,10
cve-2017-0015,3/21/2017,3/16/2017,5
cve-2017-2481,3/28/2017,4/1/2017,-4
cve-2017-2976,2/14/2017,2/15/2017,-1
cve-2017-3050,4/11/2017,4/12/2017,-1
cve-2017-3051,4/11/2017,4/12/2017,-1
cve-2017-3056,4/11/2017,4/12/2017,-1
cve-2017-2939,2/16/2017,1/10/2017,37
cve-2015-8653,3/2/2016,3/4/2016,-2
cve-2016-7858,11/8/2016,11/8/2016,0
cve-2013-3208,9/11/2013,9/11/2013,0
cve-2010-4376,12/10/2010,12/14/2010,-4
cve-2010-4465,2/15/2011,2/17/2011,-2
cve-2016-0484,1/25/2016,1/20/2016,5
cve-2016-0859,2/5/2016,1/14/2016,22
cve-2016-1045,5/10/2016,5/11/2016,-1
cve-2009-3866,11/4/2009,11/5/2009,-1
cve-2016-0035,12/14/2015,1/12/2016,-29
cve-2016-0186,5/18/2016,5/10/2016,8
cve-2013-1177,5/10/2013,4/18/2013,22
cve-2015-1155,5/15/2015,5/7/2015,8
cve-2013-2346,1/10/2014,1/3/2014,7
cve-2013-2368,8/13/2013,7/26/2013,18
cve-2013-3127,7/26/2013,7/9/2013,17
cve-2013-3144,7/26/2013,7/9/2013,17
cve-2009-0311,1/23/2009,1/27/2009,-4
cve-2014-3915,6/2/2014,6/11/2014,-9
cve-2014-0285,4/8/2014,2/11/2014,56
cve-2010-1398,6/8/2010,6/11/2010,-3
cve-2014-4103,9/16/2014,9/9/2014,7
cve-2013-5907,2/5/2014,1/14/2014,22
cve-2017-2463,3/30/2017,4/1/2017,-2
cve-2014-0510,5/19/2014,3/27/2014,53
cve-2014-6329,12/9/2014,12/10/2014,-1
cve-2011-0209,6/29/2011,6/24/2011,5
cve-2010-4463,2/15/2011,2/17/2011,-2
cve-2011-3158,11/7/2011,10/19/2011,19
cve-2016-5161,9/1/2016,9/11/2016,-10
cve-2009-2530,10/13/2009,10/14/2009,-1
cve-2014-8510,11/6/2014,11/7/2014,-1
cve-2011-0600,2/8/2011,2/10/2011,-2
cve-2009-3674,12/8/2009,12/9/2009,-1
cve-2014-3912,6/4/2014,6/5/2014,-1
cve-2015-8029,10/20/2015,10/30/2015,-10
cve-2015-5094,7/14/2015,7/15/2015,-1
cve-2016-0158,4/12/2016,4/12/2016,0
cve-2015-1747,6/11/2015,6/9/2015,2
cve-2017-2977,2/14/2017,2/15/2017,-1
cve-2012-1847,8/22/2012,5/8/2012,106
cve-2015-6712,10/13/2015,10/14/2015,-1
cve-2015-8648,12/29/2015,12/28/2015,1
cve-2017-2978,2/14/2017,2/15/2017,-1
cve-2017-2979,2/14/2017,2/15/2017,-1
cve-2011-0364,2/16/2011,2/18/2011,-2
cve-2015-0035,2/10/2015,2/10/2015,0
cve-2009-4486,1/7/2010,1/8/2010,-1
cve-2015-2454,8/11/2015,8/14/2015,-3
cve-2017-2981,2/14/2017,2/15/2017,-1
cve-2011-0268,1/10/2011,1/13/2011,-3
cve-2012-3282,2/11/2013,2/6/2013,5
cve-2012-3283,2/11/2013,2/6/2013,5
cve-2016-1016,4/8/2016,4/8/2016,0
cve-2016-1111,4/28/2016,4/30/2016,-2
cve-2016-1826,5/19/2016,5/20/2016,-1
cve-2011-2654,9/2/2011,9/6/2011,-4
cve-2012-0942,6/21/2012,4/16/2012,66
cve-2016-6987,10/12/2016,10/13/2016,-1
cve-2017-3009,4/5/2017,3/31/2017,5
cve-2017-3022,4/11/2017,4/12/2017,-1
cve-2010-2752,7/20/2010,7/30/2010,-10
cve-2016-6961,10/11/2016,10/13/2016,-2
cve-2017-3023,4/11/2017,4/12/2017,-1
cve-2017-3028,4/11/2017,4/12/2017,-1
cve-2017-3029,4/11/2017,4/12/2017,-1
cve-2009-1136,8/11/2009,7/15/2009,27
cve-2013-0028,2/14/2013,2/13/2013,1
cve-2013-2549,5/30/2013,3/11/2013,80
cve-2013-1085,3/22/2013,3/29/2013,-7
cve-2014-1486,4/3/2014,2/5/2014,57
cve-2014-4647,7/9/2014,8/7/2014,-29
cve-2012-5210,4/9/2013,3/9/2013,31
cve-2012-5212,4/9/2013,3/9/2013,31
cve-2017-3032,4/11/2017,4/12/2017,-1
cve-2014-0498,4/3/2014,2/20/2014,42
cve-2011-0105,4/12/2011,4/13/2011,-1
cve-2011-0115,3/2/2011,3/3/2011,-1
cve-2017-3033,4/11/2017,4/12/2017,-1
cve-2011-4168,12/22/2011,12/26/2011,-4
cve-2014-0297,3/20/2014,3/11/2014,9
cve-2014-0310,5/13/2014,5/14/2014,-1
cve-2014-6433,10/2/2014,10/7/2014,-5
cve-2017-3034,4/11/2017,4/12/2017,-1
cve-2011-0807,4/19/2011,4/19/2011,0
cve-2011-0817,6/8/2011,6/14/2011,-6
cve-2011-0914,2/7/2011,2/8/2011,-1
cve-2014-1244,4/3/2014,2/26/2014,36
cve-2014-1800,6/11/2014,6/10/2014,1
cve-2014-2777,6/11/2014,6/10/2014,1
cve-2009-4244,1/21/2010,1/25/2010,-4
cve-2014-1805,6/11/2014,6/10/2014,1
cve-2011-1345,4/12/2011,3/10/2011,33
cve-2014-4138,10/14/2014,10/15/2014,-1
cve-2017-3035,4/11/2017,4/12/2017,-1
cve-2011-1849,5/10/2011,5/13/2011,-3
cve-2017-3036,4/11/2017,4/12/2017,-1
cve-2017-3042,4/11/2017,4/12/2017,-1
cve-2011-1983,12/13/2011,12/13/2011,0
cve-2016-1766,5/10/2016,3/23/2016,48
cve-2017-3043,4/11/2017,4/12/2017,-1
cve-2015-0495,4/16/2015,4/16/2015,0
cve-2014-2635,10/14/2014,10/9/2014,5
cve-2014-9192,12/12/2014,12/11/2014,1
cve-2015-4447,7/14/2015,7/15/2015,-1
cve-2014-4067,9/25/2014,8/12/2014,44
cve-2014-8755,10/14/2014,10/17/2014,-3
cve-2014-0780,5/2/2014,4/24/2014,8
cve-2014-0764,4/10/2014,4/11/2014,-1
cve-2014-1243,4/3/2014,2/26/2014,36
cve-2014-1245,4/3/2014,2/26/2014,36
cve-2014-3411,8/27/2014,5/19/2014,100
cve-2013-1080,3/22/2013,3/29/2013,-7
cve-2014-2418,4/21/2014,4/15/2014,6
cve-2014-2802,7/24/2014,7/8/2014,16
cve-2014-2820,8/12/2014,8/12/2014,0
cve-2013-0971,4/9/2013,3/14/2013,26
cve-2014-4056,8/12/2014,8/12/2014,0
cve-2014-2367,7/18/2014,7/18/2014,0
cve-2014-2609,6/18/2014,6/19/2014,-1
cve-2014-6342,11/19/2014,11/11/2014,8
cve-2014-6466,11/19/2014,10/15/2014,35
cve-2017-3044,4/11/2017,4/12/2017,-1
cve-2017-3045,4/11/2017,4/12/2017,-1
cve-2014-0527,5/13/2014,5/14/2014,-1
cve-2013-2324,6/11/2013,6/6/2013,5
cve-2014-0567,9/16/2014,9/17/2014,-1
cve-2014-1780,6/11/2014,6/10/2014,1
cve-2014-5504,9/3/2014,9/4/2014,-1
cve-2015-6456,9/16/2015,9/18/2015,-2
cve-2014-2813,7/9/2014,7/8/2014,1
cve-2015-2482,10/13/2015,10/13/2015,0
cve-2014-8423,11/25/2014,11/28/2014,-3
cve-2014-0763,4/10/2014,4/11/2014,-1
cve-2014-2625,7/24/2014,7/26/2014,-2
cve-2014-5006,4/29/2015,10/21/2014,190
cve-2014-0281,2/13/2014,2/11/2014,2
cve-2014-0287,2/13/2014,2/11/2014,2
cve-2014-0290,4/23/2014,2/11/2014,71
cve-2011-3166,1/5/2012,11/2/2011,64
cve-2014-0779,4/3/2014,3/14/2014,20
cve-2014-1736,5/13/2014,5/6/2014,7
cve-2014-1762,6/11/2014,4/27/2014,45
cve-2014-1763,7/9/2014,4/27/2014,73
cve-2014-2407,4/21/2014,4/15/2014,6
cve-2014-2611,6/18/2014,6/19/2014,-1
cve-2014-2776,6/11/2014,6/10/2014,1
cve-2014-8511,1/7/2015,12/27/2014,11
cve-2014-5159,8/1/2014,8/21/2014,-20
cve-2011-2436,10/26/2011,9/15/2011,41
cve-2017-3046,4/11/2017,4/12/2017,-1
cve-2017-3047,4/11/2017,4/12/2017,-1
cve-2014-6035,4/15/2015,12/4/2014,132
cve-2014-6036,4/3/2015,12/4/2014,120
cve-2011-1453,7/27/2011,7/21/2011,6
cve-2011-3897,8/22/2012,11/11/2011,285
cve-2014-2827,8/12/2014,8/12/2014,0
cve-2011-4248,11/28/2011,11/24/2011,4
cve-2011-4251,11/28/2011,11/24/2011,4
cve-2014-0561,9/16/2014,9/17/2014,-1
cve-2014-1290,4/3/2014,3/14/2014,20
cve-2014-0492,2/5/2014,1/14/2014,22
cve-2014-4101,9/16/2014,9/9/2014,7
cve-2014-4153,6/13/2014,6/18/2014,-5
cve-2014-2620,7/16/2014,7/15/2014,1
cve-2015-1684,5/12/2015,5/13/2015,-1
cve-2014-2424,4/21/2014,4/15/2014,6
cve-2015-1717,5/14/2015,5/13/2015,1
cve-2015-8580,12/8/2015,12/16/2015,-8
cve-2017-3048,4/11/2017,4/12/2017,-1
cve-2017-3049,4/11/2017,4/12/2017,-1
cve-2011-0915,2/7/2011,2/8/2011,-1
cve-2015-6459,9/16/2015,9/18/2015,-2
cve-2015-0347,4/15/2015,4/14/2015,1
cve-2017-3052,4/11/2017,4/12/2017,-1
cve-2017-3055,4/11/2017,4/12/2017,-1
cve-2015-5689,9/3/2015,9/20/2015,-17
cve-2015-1666,4/15/2015,4/14/2015,1
cve-2015-1924,6/30/2015,6/30/2015,0
cve-2015-5692,9/16/2015,9/20/2015,-4
cve-2015-1948,6/30/2015,6/30/2015,0
cve-2015-2451,8/11/2015,8/14/2015,-3
cve-2014-0600,8/26/2014,8/29/2014,-3
cve-2010-0528,4/2/2010,3/31/2010,2
cve-2015-3727,7/1/2015,7/2/2015,-1
cve-2015-8028,10/20/2015,10/30/2015,-10
cve-2015-8220,11/10/2015,11/17/2015,-7
cve-2010-0805,4/2/2010,3/31/2010,2
cve-2010-0814,7/13/2010,7/14/2010,-1
cve-2015-1938,6/30/2015,6/30/2015,0
cve-2015-1986,6/30/2015,6/30/2015,0
cve-2015-1739,6/11/2015,6/9/2015,2
cve-2015-6689,10/13/2015,10/14/2015,-1
cve-2009-0952,6/2/2009,6/2/2009,0
cve-2015-2121,5/12/2015,5/25/2015,-13
cve-2015-7913,11/20/2015,11/21/2015,-1
cve-2015-7615,10/13/2015,10/14/2015,-1
cve-2015-7861,7/20/2015,10/19/2015,-91
cve-2015-8049,12/8/2015,12/9/2015,-1
cve-2017-3062,4/11/2017,4/12/2017,-1
cve-2009-1923,8/11/2009,8/12/2009,-1
cve-2015-0081,3/10/2015,3/11/2015,-1
cve-2015-8638,12/29/2015,12/28/2015,1
cve-2015-8639,12/29/2015,12/28/2015,1
cve-2011-4253,12/7/2011,11/24/2011,13
cve-2010-0849,4/5/2010,4/1/2010,4
cve-2015-7303,9/16/2015,9/21/2015,-5
cve-2014-8361,4/24/2015,5/1/2015,-7
cve-2015-3055,5/12/2015,5/13/2015,-1
cve-2010-0899,7/13/2010,7/13/2010,0
cve-2012-0923,11/19/2012,2/8/2012,285
cve-2015-0031,2/10/2015,2/10/2015,0
cve-2015-0042,2/10/2015,2/10/2015,0
cve-2015-0045,2/10/2015,2/10/2015,0
cve-2015-0817,4/3/2015,3/23/2015,11
cve-2015-6065,3/2/2016,11/11/2015,112
cve-2015-1234,4/15/2015,4/1/2015,14
cve-2015-6702,10/13/2015,10/14/2015,-1
cve-2015-1665,4/15/2015,4/14/2015,1
cve-2015-1743,7/9/2015,6/9/2015,30
cve-2015-6718,10/13/2015,10/14/2015,-1
cve-2015-3063,5/12/2015,5/13/2015,-1
cve-2015-3711,7/1/2015,7/2/2015,-1
cve-2015-3446,4/29/2015,5/1/2015,-2
cve-2015-4479,10/5/2015,8/15/2015,51
cve-2015-4935,7/30/2015,8/3/2015,-4
cve-2015-5104,7/14/2015,7/15/2015,-1
cve-2015-5107,7/29/2015,7/15/2015,14
cve-2015-5115,7/14/2015,7/15/2015,-1
cve-2015-0056,3/10/2015,3/11/2015,-1
cve-2015-2375,7/14/2015,7/14/2015,0
cve-2014-7888,3/12/2015,3/9/2015,3
cve-2015-6150,12/8/2015,12/9/2015,-1
cve-2015-6159,12/17/2015,12/9/2015,8
cve-2015-6478,12/2/2015,11/12/2015,20
cve-2015-8042,11/10/2015,11/11/2015,-1
cve-2015-6685,10/13/2015,10/14/2015,-1
cve-2015-6697,10/13/2015,10/14/2015,-1
cve-2015-6714,10/13/2015,10/14/2015,-1
cve-2015-7912,11/20/2015,11/21/2015,-1
cve-2015-6077,11/10/2015,11/11/2015,-1
cve-2015-7374,9/28/2015,9/25/2015,3
cve-2015-2402,7/20/2015,7/14/2015,6
cve-2015-2443,8/11/2015,8/14/2015,-3
cve-2016-0935,1/12/2016,1/13/2016,-1
cve-2016-0936,1/12/2016,1/13/2016,-1
cve-2010-1262,6/8/2010,6/8/2010,0
cve-2016-7215,11/8/2016,11/10/2016,-2
cve-2016-1747,3/22/2016,3/23/2016,-1
cve-2016-1761,3/22/2016,3/23/2016,-1
cve-2015-4069,5/26/2015,5/29/2015,-3
cve-2016-1859,5/20/2016,5/20/2016,0
cve-2016-2396,2/10/2016,2/17/2016,-7
cve-2010-1392,8/11/2010,6/11/2010,61
cve-2016-2536,2/18/2016,2/22/2016,-4
cve-2016-3242,7/12/2016,7/12/2016,0
cve-2015-4034,6/24/2015,7/6/2015,-12
cve-2012-5677,2/11/2013,12/12/2012,61
cve-2016-6945,10/11/2016,10/13/2016,-2
cve-2016-6947,10/11/2016,10/13/2016,-2
cve-2016-6972,10/11/2016,10/13/2016,-2
cve-2016-4174,7/12/2016,7/12/2016,0
cve-2016-4396,11/2/2016,10/28/2016,5
cve-2010-1397,6/8/2010,6/11/2010,-3
cve-2016-4519,6/24/2016,6/24/2016,0
cve-2016-4700,9/20/2016,9/25/2016,-5
cve-2012-2548,12/21/2012,9/21/2012,91
cve-2015-7939,1/6/2016,1/8/2016,-2
cve-2016-1073,5/10/2016,5/11/2016,-1
cve-2016-3353,9/16/2016,9/14/2016,2
cve-2015-2096,2/27/2015,3/9/2015,-10
cve-2016-0112,3/8/2016,3/9/2016,-1
cve-2016-0157,4/12/2016,4/12/2016,0
cve-2014-7893,3/12/2015,3/9/2015,3
cve-2016-0483,1/25/2016,1/20/2016,5
cve-2016-0488,1/25/2016,1/20/2016,5
cve-2016-0857,2/5/2016,1/14/2016,22
cve-2016-3384,10/11/2016,10/13/2016,-2
cve-2016-1080,5/10/2016,5/11/2016,-1
cve-2010-1508,12/7/2010,12/9/2010,-2
cve-2016-1746,3/22/2016,3/23/2016,-1
cve-2016-1753,3/22/2016,3/23/2016,-1
cve-2013-2464,6/27/2013,6/18/2013,9
cve-2012-5211,4/9/2013,3/9/2013,31
cve-2017-3272,1/24/2017,1/27/2017,-3
cve-2010-1551,5/11/2010,5/13/2010,-2
cve-2013-5021,6/11/2013,8/6/2013,-56
cve-2016-2397,2/10/2016,2/17/2016,-7
cve-2015-1830,8/31/2015,8/19/2015,12
cve-2016-3354,9/16/2016,9/14/2016,2
cve-2016-3383,10/11/2016,10/13/2016,-2
cve-2016-3587,7/21/2016,7/21/2016,0
cve-2016-8204,1/20/2017,1/14/2017,6
cve-2016-8205,1/20/2017,1/14/2017,6
cve-2015-2605,7/20/2015,7/16/2015,4
cve-2016-8206,1/20/2017,1/14/2017,6
cve-2016-8341,2/7/2017,2/13/2017,-6
cve-2017-0067,3/21/2017,3/16/2017,5
cve-2013-3112,6/27/2013,6/11/2013,16
cve-2013-3141,6/27/2013,6/11/2013,16
cve-2013-5047,12/15/2013,12/10/2013,5
cve-2013-2367,8/13/2013,7/30/2013,14
cve-2013-1488,5/10/2013,3/8/2013,63
cve-2013-2335,6/11/2013,6/6/2013,5
cve-2015-3039,7/8/2015,4/14/2015,85
cve-2015-4452,7/14/2015,7/15/2015,-1
cve-2015-8655,3/2/2016,3/4/2016,-2
cve-2016-7857,11/8/2016,11/8/2016,0
cve-2013-4827,10/16/2013,10/13/2013,3
cve-2015-6686,10/13/2015,10/14/2015,-1
cve-2015-6711,10/13/2015,10/14/2015,-1
cve-2015-3062,5/12/2015,5/13/2015,-1
cve-2014-1779,6/11/2014,6/10/2014,1
cve-2014-2421,4/21/2014,4/15/2014,6
cve-2014-2621,7/16/2014,7/15/2014,1
cve-2010-3225,10/12/2010,10/13/2010,-1
cve-2014-0772,5/19/2014,4/11/2014,38
cve-2010-3328,10/12/2010,10/13/2010,-1
cve-2010-3795,11/10/2010,11/16/2010,-6
cve-2010-3802,12/7/2010,12/9/2010,-2
cve-2013-2348,1/10/2014,1/3/2014,7
cve-2014-5505,9/3/2014,9/4/2014,-1
cve-2010-4435,2/8/2011,1/19/2011,20
cve-2014-2756,6/11/2014,6/10/2014,1
cve-2014-2774,8/12/2014,8/12/2014,0
cve-2014-2791,7/9/2014,7/8/2014,1
cve-2013-0003,2/1/2013,1/9/2013,23
cve-2013-0018,2/14/2013,2/13/2013,1
cve-2013-0090,5/29/2013,3/12/2013,78
cve-2014-8966,12/9/2014,12/10/2014,-1
cve-2016-1806,5/19/2016,5/20/2016,-1
cve-2016-1740,3/22/2016,3/23/2016,-1
cve-2016-5840,6/22/2016,6/30/2016,-8
cve-2013-2326,6/11/2013,6/6/2013,5
cve-2016-0487,1/25/2016,1/20/2016,5
cve-2015-5114,7/14/2015,7/15/2015,-1
cve-2013-0755,3/22/2013,1/13/2013,68
cve-2015-5691,9/16/2015,9/20/2015,-4
cve-2016-6967,10/11/2016,10/13/2016,-2
cve-2016-6975,10/11/2016,10/13/2016,-2
cve-2009-1855,6/10/2009,6/11/2009,-1
cve-2014-9267,12/4/2014,12/8/2014,-4
cve-2009-3671,12/8/2009,12/9/2009,-1
cve-2013-1305,5/29/2013,5/14/2013,15
cve-2013-1308,5/29/2013,5/14/2013,15
cve-2009-3794,12/9/2009,12/10/2009,-1
cve-2013-2329,6/11/2013,6/6/2013,5
cve-2013-2469,6/27/2013,6/18/2013,9
cve-2013-2550,5/30/2013,3/11/2013,80
cve-2009-1532,6/10/2009,6/10/2009,0
cve-2013-2827,2/5/2014,1/15/2014,21
cve-2013-3111,6/27/2013,6/11/2013,16
cve-2009-1920,9/8/2009,9/8/2009,0
cve-2013-3118,6/27/2013,6/11/2013,16
cve-2013-3153,7/26/2013,7/9/2013,17
cve-2009-3874,11/4/2009,11/5/2009,-1
cve-2016-3211,6/16/2016,6/15/2016,1
cve-2016-4532,7/1/2016,6/9/2016,22
cve-2013-3346,9/11/2013,8/30/2013,12
cve-2014-9375,2/13/2015,2/16/2015,-3
cve-2015-3058,5/12/2015,5/13/2015,-1
cve-2013-3845,9/11/2013,9/11/2013,0
cve-2015-6698,10/13/2015,10/14/2015,-1
cve-2015-6708,10/13/2015,10/14/2015,-1
cve-2011-2951,8/16/2011,8/18/2011,-2
cve-2016-3499,7/21/2016,7/21/2016,0
cve-2013-4823,10/16/2013,10/13/2013,3
cve-2013-4825,10/16/2013,10/13/2013,3
cve-2013-5017,6/18/2014,6/18/2014,0
cve-2013-5842,10/16/2013,10/16/2013,0
cve-2016-1796,5/27/2016,5/20/2016,7
cve-2017-3019,4/11/2017,4/12/2017,-1
cve-2013-6215,4/17/2014,4/19/2014,-2
cve-2017-3057,4/11/2017,4/12/2017,-1
cve-2012-0299,6/8/2012,5/21/2012,18
cve-2016-0123,3/8/2016,3/9/2016,-1
cve-2016-0194,5/10/2016,5/10/2016,0
cve-2016-1049,5/10/2016,5/11/2016,-1
cve-2016-1605,7/7/2016,7/31/2016,-24
cve-2016-2002,4/15/2016,4/20/2016,-5
cve-2016-3241,7/12/2016,7/12/2016,0
cve-2016-3271,7/12/2016,7/12/2016,0
cve-2016-3326,8/9/2016,8/9/2016,0
cve-2011-0045,2/8/2011,2/8/2011,0
cve-2011-0154,3/2/2011,3/3/2011,-1
cve-2011-0234,4/19/2011,7/21/2011,-93
cve-2011-0567,2/8/2011,2/10/2011,-2
cve-2011-0596,2/8/2011,2/10/2011,-2
cve-2016-4699,9/20/2016,9/25/2016,-5
cve-2011-1730,4/29/2011,5/7/2011,-8
cve-2011-2261,7/21/2011,7/20/2011,1
cve-2011-2825,3/26/2012,8/29/2011,210
cve-2011-2949,8/16/2011,8/18/2011,-2
cve-2011-3252,10/26/2011,10/12/2011,14
cve-2011-4052,11/16/2011,12/5/2011,-19
cve-2011-4169,1/5/2012,12/26/2011,10
cve-2011-4249,3/26/2012,11/24/2011,123
cve-2011-4250,11/28/2011,11/24/2011,4
cve-2011-4261,6/6/2012,11/24/2011,195
cve-2016-1056,5/10/2016,5/11/2016,-1
cve-2016-0938,1/12/2016,1/13/2016,-1
cve-2010-0033,2/9/2010,2/10/2010,-1
cve-2016-6988,10/11/2016,10/13/2016,-2
cve-2016-6951,10/11/2016,10/13/2016,-2
cve-2016-6962,10/11/2016,10/13/2016,-2
cve-2016-6974,10/11/2016,10/13/2016,-2
cve-2009-0003,1/21/2009,1/21/2009,0
cve-2010-1317,4/28/2010,4/20/2010,8
cve-2009-1943,6/1/2009,6/5/2009,-4
cve-2010-1553,5/11/2010,5/13/2010,-2
cve-2011-3251,10/27/2011,10/27/2011,0
cve-2010-2703,7/21/2010,7/27/2010,-6
cve-2016-4646,7/20/2016,7/21/2016,-1
cve-2015-7092,1/8/2016,1/8/2016,0
cve-2016-0192,5/10/2016,5/10/2016,0
cve-2009-0556,5/12/2009,4/3/2009,39
cve-2010-3559,10/12/2010,10/19/2010,-7
cve-2016-0994,3/10/2016,3/12/2016,-2
cve-2016-1055,5/10/2016,5/11/2016,-1
cve-2016-1066,5/10/2016,5/11/2016,-1
cve-2010-3766,12/9/2010,12/10/2010,-1
cve-2010-3792,11/10/2010,11/16/2010,-6
cve-2011-0557,2/8/2011,2/10/2011,-2
cve-2011-4247,6/8/2012,11/24/2011,197
cve-2009-3673,12/8/2009,12/9/2009,-1
cve-2009-1719,6/16/2009,6/16/2009,0
cve-2009-1919,8/5/2009,7/29/2009,7
cve-2013-0997,5/30/2013,5/19/2013,11
cve-2012-0926,6/6/2012,2/8/2012,119
cve-2010-1961,6/8/2010,6/9/2010,-1
cve-2010-0164,4/2/2010,3/25/2010,8
cve-2010-0492,4/2/2010,3/31/2010,2
cve-2010-0846,4/5/2010,4/1/2010,4
cve-2013-2333,6/11/2013,6/6/2013,5
cve-2010-1121,4/5/2010,3/25/2010,11
cve-2010-3793,11/10/2010,11/16/2010,-6
cve-2010-3335,11/9/2010,11/9/2010,0
cve-2010-3767,12/9/2010,12/10/2010,-1
cve-2010-3812,11/23/2010,11/20/2010,3
cve-2013-2351,8/13/2013,7/13/2013,31
cve-2012-3284,2/11/2013,2/6/2013,5
cve-2013-2349,1/10/2014,1/3/2014,7
cve-2012-0670,8/22/2012,5/15/2012,99
cve-2016-4224,7/12/2016,7/12/2016,0
cve-2016-4223,7/12/2016,7/12/2016,0
cve-2016-4279,9/16/2016,9/14/2016,2
cve-2016-4510,7/1/2016,6/9/2016,22
cve-2011-1918,11/7/2011,11/2/2011,5
cve-2012-0127,6/21/2012,3/31/2012,82
cve-2012-0155,2/22/2012,2/14/2012,8
